system:index,GEM_plot_code,long,LAI,plot_name,region_name,site,.geo,date
2_2003_01_01_165,ANK-03,-2.65,3.3000000000000003,Ankasa_Plot_3,Ankasa National Park,ANK,"{""geodesic"":true,""type"":""Point"",""coordinates"":[-2.65,5.25]}",2003-01-01
2_2003_01_01_166,BOB-01,-1.338918,4.2,Bobiri_Plot_1_,Bobiri,BOB,"{""geodesic"":true,""type"":""Point"",""coordinates"":[-1.338918,6.691043]}",2003-01-01
2_2003_01_05_166,BOB-01,-1.338918,4.3,Bobiri_Plot_1_,Bobiri,BOB,"{""geodesic"":true,""type"":""Point"",""coordinates"":[-1.338918,6.691043]}",2003-01-05
2_2003_01_09_165,ANK-03,-2.65,3.3000000000000003,Ankasa_Plot_3,Ankasa National Park,ANK,"{""geodesic"":true,""type"":""Point"",""coordinates"":[-2.65,5.25]}",2003-01-09
2_2003_01_09_166,BOB-01,-1.338918,3.5,Bobiri_Plot_1_,Bobiri,BOB,"{""geodesic"":true,""type"":""Point"",""coordinates"":[-1.338918,6.691043]}",2003-01-09
2_2003_01_13_166,BOB-01,-1.338918,4,Bobiri_Plot_1_,Bobiri,BOB,"{""geodesic"":true,""type"":""Point"",""coordinates"":[-1.338918,6.691043]}",2003-01-13
2_2003_01_21_166,BOB-01,-1.338918,1.2000000000000002,Bobiri_Plot_1_,Bobiri,BOB,"{""geodesic"":true,""type"":""Point"",""coordinates"":[-1.338918,6.691043]}",2003-01-21
2_2003_01_25_164,ANK-01,-2.65,4,Ankasa_Plot_1,Ankasa National Park,ANK,"{""geodesic"":true,""type"":""Point"",""coordinates"":[-2.65,5.21]}",2003-01-25
2_2003_01_25_165,ANK-03,-2.65,3,Ankasa_Plot_3,Ankasa National Park,ANK,"{""geodesic"":true,""type"":""Point"",""coordinates"":[-2.65,5.25]}",2003-01-25
2_2003_01_25_166,BOB-01,-1.338918,4.800000000000001,Bobiri_Plot_1_,Bobiri,BOB,"{""geodesic"":true,""type"":""Point"",""coordinates"":[-1.338918,6.691043]}",2003-01-25
2_2003_01_29_166,BOB-01,-1.338918,4.9,Bobiri_Plot_1_,Bobiri,BOB,"{""geodesic"":true,""type"":""Point"",""coordinates"":[-1.338918,6.691043]}",2003-01-29
2_2003_02_10_164,ANK-01,-2.65,4.4,Ankasa_Plot_1,Ankasa National Park,ANK,"{""geodesic"":true,""type"":""Point"",""coordinates"":[-2.65,5.21]}",2003-02-10
2_2003_03_02_166,BOB-01,-1.338918,5.1000000000000005,Bobiri_Plot_1_,Bobiri,BOB,"{""geodesic"":true,""type"":""Point"",""coordinates"":[-1.338918,6.691043]}",2003-03-02
2_2003_03_06_165,ANK-03,-2.65,4.5,Ankasa_Plot_3,Ankasa National Park,ANK,"{""geodesic"":true,""type"":""Point"",""coordinates"":[-2.65,5.25]}",2003-03-06
2_2003_03_26_166,BOB-01,-1.338918,4.2,Bobiri_Plot_1_,Bobiri,BOB,"{""geodesic"":true,""type"":""Point"",""coordinates"":[-1.338918,6.691043]}",2003-03-26
2_2003_05_05_165,ANK-03,-2.65,2.7,Ankasa_Plot_3,Ankasa National Park,ANK,"{""geodesic"":true,""type"":""Point"",""coordinates"":[-2.65,5.25]}",2003-05-05
2_2003_05_13_165,ANK-03,-2.65,2.3000000000000003,Ankasa_Plot_3,Ankasa National Park,ANK,"{""geodesic"":true,""type"":""Point"",""coordinates"":[-2.65,5.25]}",2003-05-13
2_2003_05_17_166,BOB-01,-1.338918,3.4000000000000004,Bobiri_Plot_1_,Bobiri,BOB,"{""geodesic"":true,""type"":""Point"",""coordinates"":[-1.338918,6.691043]}",2003-05-17
2_2003_09_26_165,ANK-03,-2.65,1.1,Ankasa_Plot_3,Ankasa National Park,ANK,"{""geodesic"":true,""type"":""Point"",""coordinates"":[-2.65,5.25]}",2003-09-26
2_2003_09_30_165,ANK-03,-2.65,1.4000000000000001,Ankasa_Plot_3,Ankasa National Park,ANK,"{""geodesic"":true,""type"":""Point"",""coordinates"":[-2.65,5.25]}",2003-09-30
2_2003_10_04_166,BOB-01,-1.338918,1.1,Bobiri_Plot_1_,Bobiri,BOB,"{""geodesic"":true,""type"":""Point"",""coordinates"":[-1.338918,6.691043]}",2003-10-04
2_2003_10_24_166,BOB-01,-1.338918,4.6000000000000005,Bobiri_Plot_1_,Bobiri,BOB,"{""geodesic"":true,""type"":""Point"",""coordinates"":[-1.338918,6.691043]}",2003-10-24
2_2003_10_28_166,BOB-01,-1.338918,3.3000000000000003,Bobiri_Plot_1_,Bobiri,BOB,"{""geodesic"":true,""type"":""Point"",""coordinates"":[-1.338918,6.691043]}",2003-10-28
2_2003_11_13_165,ANK-03,-2.65,2.5,Ankasa_Plot_3,Ankasa National Park,ANK,"{""geodesic"":true,""type"":""Point"",""coordinates"":[-2.65,5.25]}",2003-11-13
2_2003_11_21_164,ANK-01,-2.65,2,Ankasa_Plot_1,Ankasa National Park,ANK,"{""geodesic"":true,""type"":""Point"",""coordinates"":[-2.65,5.21]}",2003-11-21
2_2003_11_21_165,ANK-03,-2.65,2.8000000000000003,Ankasa_Plot_3,Ankasa National Park,ANK,"{""geodesic"":true,""type"":""Point"",""coordinates"":[-2.65,5.25]}",2003-11-21
2_2003_12_11_166,BOB-01,-1.338918,4.1000000000000005,Bobiri_Plot_1_,Bobiri,BOB,"{""geodesic"":true,""type"":""Point"",""coordinates"":[-1.338918,6.691043]}",2003-12-11
2_2003_12_15_164,ANK-01,-2.65,2.7,Ankasa_Plot_1,Ankasa National Park,ANK,"{""geodesic"":true,""type"":""Point"",""coordinates"":[-2.65,5.21]}",2003-12-15
2_2003_12_15_166,BOB-01,-1.338918,5,Bobiri_Plot_1_,Bobiri,BOB,"{""geodesic"":true,""type"":""Point"",""coordinates"":[-1.338918,6.691043]}",2003-12-15
2_2003_12_23_166,BOB-01,-1.338918,1.1,Bobiri_Plot_1_,Bobiri,BOB,"{""geodesic"":true,""type"":""Point"",""coordinates"":[-1.338918,6.691043]}",2003-12-23
2_2003_12_27_166,BOB-01,-1.338918,4.4,Bobiri_Plot_1_,Bobiri,BOB,"{""geodesic"":true,""type"":""Point"",""coordinates"":[-1.338918,6.691043]}",2003-12-27
2_2004_01_05_165,ANK-03,-2.65,1.5,Ankasa_Plot_3,Ankasa National Park,ANK,"{""geodesic"":true,""type"":""Point"",""coordinates"":[-2.65,5.25]}",2004-01-05
2_2004_01_05_166,BOB-01,-1.338918,1.3,Bobiri_Plot_1_,Bobiri,BOB,"{""geodesic"":true,""type"":""Point"",""coordinates"":[-1.338918,6.691043]}",2004-01-05
2_2004_01_09_165,ANK-03,-2.65,1,Ankasa_Plot_3,Ankasa National Park,ANK,"{""geodesic"":true,""type"":""Point"",""coordinates"":[-2.65,5.25]}",2004-01-09
2_2004_01_09_166,BOB-01,-1.338918,1.6,Bobiri_Plot_1_,Bobiri,BOB,"{""geodesic"":true,""type"":""Point"",""coordinates"":[-1.338918,6.691043]}",2004-01-09
2_2004_01_13_166,BOB-01,-1.338918,1.4000000000000001,Bobiri_Plot_1_,Bobiri,BOB,"{""geodesic"":true,""type"":""Point"",""coordinates"":[-1.338918,6.691043]}",2004-01-13
2_2004_01_17_166,BOB-01,-1.338918,1.8,Bobiri_Plot_1_,Bobiri,BOB,"{""geodesic"":true,""type"":""Point"",""coordinates"":[-1.338918,6.691043]}",2004-01-17
2_2004_01_21_164,ANK-01,-2.65,2.3000000000000003,Ankasa_Plot_1,Ankasa National Park,ANK,"{""geodesic"":true,""type"":""Point"",""coordinates"":[-2.65,5.21]}",2004-01-21
2_2004_01_21_165,ANK-03,-2.65,3.2,Ankasa_Plot_3,Ankasa National Park,ANK,"{""geodesic"":true,""type"":""Point"",""coordinates"":[-2.65,5.25]}",2004-01-21
2_2004_01_25_166,BOB-01,-1.338918,2.6,Bobiri_Plot_1_,Bobiri,BOB,"{""geodesic"":true,""type"":""Point"",""coordinates"":[-1.338918,6.691043]}",2004-01-25
2_2004_01_29_165,ANK-03,-2.65,2,Ankasa_Plot_3,Ankasa National Park,ANK,"{""geodesic"":true,""type"":""Point"",""coordinates"":[-2.65,5.25]}",2004-01-29
2_2004_01_29_166,BOB-01,-1.338918,3.1,Bobiri_Plot_1_,Bobiri,BOB,"{""geodesic"":true,""type"":""Point"",""coordinates"":[-1.338918,6.691043]}",2004-01-29
2_2004_02_06_166,BOB-01,-1.338918,1.2000000000000002,Bobiri_Plot_1_,Bobiri,BOB,"{""geodesic"":true,""type"":""Point"",""coordinates"":[-1.338918,6.691043]}",2004-02-06
2_2004_02_14_166,BOB-01,-1.338918,3,Bobiri_Plot_1_,Bobiri,BOB,"{""geodesic"":true,""type"":""Point"",""coordinates"":[-1.338918,6.691043]}",2004-02-14
2_2004_02_22_166,BOB-01,-1.338918,3.5,Bobiri_Plot_1_,Bobiri,BOB,"{""geodesic"":true,""type"":""Point"",""coordinates"":[-1.338918,6.691043]}",2004-02-22
2_2004_03_17_166,BOB-01,-1.338918,4.3,Bobiri_Plot_1_,Bobiri,BOB,"{""geodesic"":true,""type"":""Point"",""coordinates"":[-1.338918,6.691043]}",2004-03-17
2_2004_05_04_165,ANK-03,-2.65,4.6000000000000005,Ankasa_Plot_3,Ankasa National Park,ANK,"{""geodesic"":true,""type"":""Point"",""coordinates"":[-2.65,5.25]}",2004-05-04
2_2004_06_05_166,BOB-01,-1.338918,3,Bobiri_Plot_1_,Bobiri,BOB,"{""geodesic"":true,""type"":""Point"",""coordinates"":[-1.338918,6.691043]}",2004-06-05
2_2004_07_11_164,ANK-01,-2.65,3,Ankasa_Plot_1,Ankasa National Park,ANK,"{""geodesic"":true,""type"":""Point"",""coordinates"":[-2.65,5.21]}",2004-07-11
2_2004_09_05_166,BOB-01,-1.338918,4.6000000000000005,Bobiri_Plot_1_,Bobiri,BOB,"{""geodesic"":true,""type"":""Point"",""coordinates"":[-1.338918,6.691043]}",2004-09-05
2_2004_10_07_166,BOB-01,-1.338918,3.1,Bobiri_Plot_1_,Bobiri,BOB,"{""geodesic"":true,""type"":""Point"",""coordinates"":[-1.338918,6.691043]}",2004-10-07
2_2004_10_11_166,BOB-01,-1.338918,2.6,Bobiri_Plot_1_,Bobiri,BOB,"{""geodesic"":true,""type"":""Point"",""coordinates"":[-1.338918,6.691043]}",2004-10-11
2_2004_11_08_164,ANK-01,-2.65,1.3,Ankasa_Plot_1,Ankasa National Park,ANK,"{""geodesic"":true,""type"":""Point"",""coordinates"":[-2.65,5.21]}",2004-11-08
2_2004_11_16_165,ANK-03,-2.65,4,Ankasa_Plot_3,Ankasa National Park,ANK,"{""geodesic"":true,""type"":""Point"",""coordinates"":[-2.65,5.25]}",2004-11-16
2_2004_11_16_166,BOB-01,-1.338918,4.1000000000000005,Bobiri_Plot_1_,Bobiri,BOB,"{""geodesic"":true,""type"":""Point"",""coordinates"":[-1.338918,6.691043]}",2004-11-16
2_2004_11_24_166,BOB-01,-1.338918,3.8000000000000003,Bobiri_Plot_1_,Bobiri,BOB,"{""geodesic"":true,""type"":""Point"",""coordinates"":[-1.338918,6.691043]}",2004-11-24
2_2004_12_02_166,BOB-01,-1.338918,2,Bobiri_Plot_1_,Bobiri,BOB,"{""geodesic"":true,""type"":""Point"",""coordinates"":[-1.338918,6.691043]}",2004-12-02
2_2004_12_10_166,BOB-01,-1.338918,4,Bobiri_Plot_1_,Bobiri,BOB,"{""geodesic"":true,""type"":""Point"",""coordinates"":[-1.338918,6.691043]}",2004-12-10
2_2004_12_14_166,BOB-01,-1.338918,4.800000000000001,Bobiri_Plot_1_,Bobiri,BOB,"{""geodesic"":true,""type"":""Point"",""coordinates"":[-1.338918,6.691043]}",2004-12-14
2_2004_12_18_165,ANK-03,-2.65,2.8000000000000003,Ankasa_Plot_3,Ankasa National Park,ANK,"{""geodesic"":true,""type"":""Point"",""coordinates"":[-2.65,5.25]}",2004-12-18
2_2004_12_26_165,ANK-03,-2.65,3.1,Ankasa_Plot_3,Ankasa National Park,ANK,"{""geodesic"":true,""type"":""Point"",""coordinates"":[-2.65,5.25]}",2004-12-26
2_2004_12_26_166,BOB-01,-1.338918,4.1000000000000005,Bobiri_Plot_1_,Bobiri,BOB,"{""geodesic"":true,""type"":""Point"",""coordinates"":[-1.338918,6.691043]}",2004-12-26
2_2004_12_30_165,ANK-03,-2.65,4.4,Ankasa_Plot_3,Ankasa National Park,ANK,"{""geodesic"":true,""type"":""Point"",""coordinates"":[-2.65,5.25]}",2004-12-30
2_2005_01_01_165,ANK-03,-2.65,4.4,Ankasa_Plot_3,Ankasa National Park,ANK,"{""geodesic"":true,""type"":""Point"",""coordinates"":[-2.65,5.25]}",2005-01-01
2_2005_01_05_164,ANK-01,-2.65,4.4,Ankasa_Plot_1,Ankasa National Park,ANK,"{""geodesic"":true,""type"":""Point"",""coordinates"":[-2.65,5.21]}",2005-01-05
2_2005_01_05_165,ANK-03,-2.65,3,Ankasa_Plot_3,Ankasa National Park,ANK,"{""geodesic"":true,""type"":""Point"",""coordinates"":[-2.65,5.25]}",2005-01-05
2_2005_01_05_166,BOB-01,-1.338918,3.6,Bobiri_Plot_1_,Bobiri,BOB,"{""geodesic"":true,""type"":""Point"",""coordinates"":[-1.338918,6.691043]}",2005-01-05
2_2005_01_09_166,BOB-01,-1.338918,3.9000000000000004,Bobiri_Plot_1_,Bobiri,BOB,"{""geodesic"":true,""type"":""Point"",""coordinates"":[-1.338918,6.691043]}",2005-01-09
2_2005_01_13_166,BOB-01,-1.338918,2.5,Bobiri_Plot_1_,Bobiri,BOB,"{""geodesic"":true,""type"":""Point"",""coordinates"":[-1.338918,6.691043]}",2005-01-13
2_2005_01_17_166,BOB-01,-1.338918,2.5,Bobiri_Plot_1_,Bobiri,BOB,"{""geodesic"":true,""type"":""Point"",""coordinates"":[-1.338918,6.691043]}",2005-01-17
2_2005_01_29_164,ANK-01,-2.65,1.5,Ankasa_Plot_1,Ankasa National Park,ANK,"{""geodesic"":true,""type"":""Point"",""coordinates"":[-2.65,5.21]}",2005-01-29
2_2005_01_29_165,ANK-03,-2.65,2.7,Ankasa_Plot_3,Ankasa National Park,ANK,"{""geodesic"":true,""type"":""Point"",""coordinates"":[-2.65,5.25]}",2005-01-29
2_2005_02_02_164,ANK-01,-2.65,4.4,Ankasa_Plot_1,Ankasa National Park,ANK,"{""geodesic"":true,""type"":""Point"",""coordinates"":[-2.65,5.21]}",2005-02-02
2_2005_02_02_166,BOB-01,-1.338918,3,Bobiri_Plot_1_,Bobiri,BOB,"{""geodesic"":true,""type"":""Point"",""coordinates"":[-1.338918,6.691043]}",2005-02-02
2_2005_02_06_166,BOB-01,-1.338918,4.9,Bobiri_Plot_1_,Bobiri,BOB,"{""geodesic"":true,""type"":""Point"",""coordinates"":[-1.338918,6.691043]}",2005-02-06
2_2005_02_14_166,BOB-01,-1.338918,3.4000000000000004,Bobiri_Plot_1_,Bobiri,BOB,"{""geodesic"":true,""type"":""Point"",""coordinates"":[-1.338918,6.691043]}",2005-02-14
2_2005_02_18_166,BOB-01,-1.338918,2.8000000000000003,Bobiri_Plot_1_,Bobiri,BOB,"{""geodesic"":true,""type"":""Point"",""coordinates"":[-1.338918,6.691043]}",2005-02-18
2_2005_03_02_166,BOB-01,-1.338918,4,Bobiri_Plot_1_,Bobiri,BOB,"{""geodesic"":true,""type"":""Point"",""coordinates"":[-1.338918,6.691043]}",2005-03-02
2_2005_04_15_166,BOB-01,-1.338918,3.6,Bobiri_Plot_1_,Bobiri,BOB,"{""geodesic"":true,""type"":""Point"",""coordinates"":[-1.338918,6.691043]}",2005-04-15
2_2005_05_09_164,ANK-01,-2.65,3.9000000000000004,Ankasa_Plot_1,Ankasa National Park,ANK,"{""geodesic"":true,""type"":""Point"",""coordinates"":[-2.65,5.21]}",2005-05-09
2_2005_06_18_165,ANK-03,-2.65,3.8000000000000003,Ankasa_Plot_3,Ankasa National Park,ANK,"{""geodesic"":true,""type"":""Point"",""coordinates"":[-2.65,5.25]}",2005-06-18
2_2005_08_17_164,ANK-01,-2.65,2.3000000000000003,Ankasa_Plot_1,Ankasa National Park,ANK,"{""geodesic"":true,""type"":""Point"",""coordinates"":[-2.65,5.21]}",2005-08-17
2_2005_08_17_165,ANK-03,-2.65,3,Ankasa_Plot_3,Ankasa National Park,ANK,"{""geodesic"":true,""type"":""Point"",""coordinates"":[-2.65,5.25]}",2005-08-17
2_2005_10_04_166,BOB-01,-1.338918,3.3000000000000003,Bobiri_Plot_1_,Bobiri,BOB,"{""geodesic"":true,""type"":""Point"",""coordinates"":[-1.338918,6.691043]}",2005-10-04
2_2005_11_05_165,ANK-03,-2.65,1.9000000000000001,Ankasa_Plot_3,Ankasa National Park,ANK,"{""geodesic"":true,""type"":""Point"",""coordinates"":[-2.65,5.25]}",2005-11-05
2_2005_11_09_165,ANK-03,-2.65,2.3000000000000003,Ankasa_Plot_3,Ankasa National Park,ANK,"{""geodesic"":true,""type"":""Point"",""coordinates"":[-2.65,5.25]}",2005-11-09
2_2005_11_21_164,ANK-01,-2.65,4.800000000000001,Ankasa_Plot_1,Ankasa National Park,ANK,"{""geodesic"":true,""type"":""Point"",""coordinates"":[-2.65,5.21]}",2005-11-21
2_2005_11_25_166,BOB-01,-1.338918,3.3000000000000003,Bobiri_Plot_1_,Bobiri,BOB,"{""geodesic"":true,""type"":""Point"",""coordinates"":[-1.338918,6.691043]}",2005-11-25
2_2005_12_03_164,ANK-01,-2.65,2.6,Ankasa_Plot_1,Ankasa National Park,ANK,"{""geodesic"":true,""type"":""Point"",""coordinates"":[-2.65,5.21]}",2005-12-03
2_2005_12_07_165,ANK-03,-2.65,3.5,Ankasa_Plot_3,Ankasa National Park,ANK,"{""geodesic"":true,""type"":""Point"",""coordinates"":[-2.65,5.25]}",2005-12-07
2_2005_12_11_165,ANK-03,-2.65,1.9000000000000001,Ankasa_Plot_3,Ankasa National Park,ANK,"{""geodesic"":true,""type"":""Point"",""coordinates"":[-2.65,5.25]}",2005-12-11
2_2005_12_11_166,BOB-01,-1.338918,5.1000000000000005,Bobiri_Plot_1_,Bobiri,BOB,"{""geodesic"":true,""type"":""Point"",""coordinates"":[-1.338918,6.691043]}",2005-12-11
2_2005_12_15_165,ANK-03,-2.65,3.8000000000000003,Ankasa_Plot_3,Ankasa National Park,ANK,"{""geodesic"":true,""type"":""Point"",""coordinates"":[-2.65,5.25]}",2005-12-15
2_2005_12_15_166,BOB-01,-1.338918,4,Bobiri_Plot_1_,Bobiri,BOB,"{""geodesic"":true,""type"":""Point"",""coordinates"":[-1.338918,6.691043]}",2005-12-15
2_2005_12_19_164,ANK-01,-2.65,4.1000000000000005,Ankasa_Plot_1,Ankasa National Park,ANK,"{""geodesic"":true,""type"":""Point"",""coordinates"":[-2.65,5.21]}",2005-12-19
2_2005_12_19_165,ANK-03,-2.65,1.1,Ankasa_Plot_3,Ankasa National Park,ANK,"{""geodesic"":true,""type"":""Point"",""coordinates"":[-2.65,5.25]}",2005-12-19
2_2005_12_19_166,BOB-01,-1.338918,2.6,Bobiri_Plot_1_,Bobiri,BOB,"{""geodesic"":true,""type"":""Point"",""coordinates"":[-1.338918,6.691043]}",2005-12-19
2_2005_12_23_164,ANK-01,-2.65,1.2000000000000002,Ankasa_Plot_1,Ankasa National Park,ANK,"{""geodesic"":true,""type"":""Point"",""coordinates"":[-2.65,5.21]}",2005-12-23
2_2005_12_23_165,ANK-03,-2.65,2.5,Ankasa_Plot_3,Ankasa National Park,ANK,"{""geodesic"":true,""type"":""Point"",""coordinates"":[-2.65,5.25]}",2005-12-23
2_2005_12_23_166,BOB-01,-1.338918,4.1000000000000005,Bobiri_Plot_1_,Bobiri,BOB,"{""geodesic"":true,""type"":""Point"",""coordinates"":[-1.338918,6.691043]}",2005-12-23
2_2005_12_27_166,BOB-01,-1.338918,3.7,Bobiri_Plot_1_,Bobiri,BOB,"{""geodesic"":true,""type"":""Point"",""coordinates"":[-1.338918,6.691043]}",2005-12-27
2_2005_12_31_165,ANK-03,-2.65,1.6,Ankasa_Plot_3,Ankasa National Park,ANK,"{""geodesic"":true,""type"":""Point"",""coordinates"":[-2.65,5.25]}",2005-12-31
2_2005_12_31_166,BOB-01,-1.338918,3.9000000000000004,Bobiri_Plot_1_,Bobiri,BOB,"{""geodesic"":true,""type"":""Point"",""coordinates"":[-1.338918,6.691043]}",2005-12-31
2_2006_01_01_165,ANK-03,-2.65,1.6,Ankasa_Plot_3,Ankasa National Park,ANK,"{""geodesic"":true,""type"":""Point"",""coordinates"":[-2.65,5.25]}",2006-01-01
2_2006_01_01_166,BOB-01,-1.338918,4.4,Bobiri_Plot_1_,Bobiri,BOB,"{""geodesic"":true,""type"":""Point"",""coordinates"":[-1.338918,6.691043]}",2006-01-01
2_2006_01_05_166,BOB-01,-1.338918,1.3,Bobiri_Plot_1_,Bobiri,BOB,"{""geodesic"":true,""type"":""Point"",""coordinates"":[-1.338918,6.691043]}",2006-01-05
2_2006_01_17_164,ANK-01,-2.65,4,Ankasa_Plot_1,Ankasa National Park,ANK,"{""geodesic"":true,""type"":""Point"",""coordinates"":[-2.65,5.21]}",2006-01-17
2_2006_01_17_166,BOB-01,-1.338918,4.9,Bobiri_Plot_1_,Bobiri,BOB,"{""geodesic"":true,""type"":""Point"",""coordinates"":[-1.338918,6.691043]}",2006-01-17
2_2006_01_21_164,ANK-01,-2.65,1.1,Ankasa_Plot_1,Ankasa National Park,ANK,"{""geodesic"":true,""type"":""Point"",""coordinates"":[-2.65,5.21]}",2006-01-21
2_2006_01_21_165,ANK-03,-2.65,1.4000000000000001,Ankasa_Plot_3,Ankasa National Park,ANK,"{""geodesic"":true,""type"":""Point"",""coordinates"":[-2.65,5.25]}",2006-01-21
2_2006_01_21_166,BOB-01,-1.338918,4.3,Bobiri_Plot_1_,Bobiri,BOB,"{""geodesic"":true,""type"":""Point"",""coordinates"":[-1.338918,6.691043]}",2006-01-21
2_2006_01_25_165,ANK-03,-2.65,3.5,Ankasa_Plot_3,Ankasa National Park,ANK,"{""geodesic"":true,""type"":""Point"",""coordinates"":[-2.65,5.25]}",2006-01-25
2_2006_02_02_165,ANK-03,-2.65,2.8000000000000003,Ankasa_Plot_3,Ankasa National Park,ANK,"{""geodesic"":true,""type"":""Point"",""coordinates"":[-2.65,5.25]}",2006-02-02
2_2006_02_10_164,ANK-01,-2.65,4.3,Ankasa_Plot_1,Ankasa National Park,ANK,"{""geodesic"":true,""type"":""Point"",""coordinates"":[-2.65,5.21]}",2006-02-10
2_2006_02_14_164,ANK-01,-2.65,4.3,Ankasa_Plot_1,Ankasa National Park,ANK,"{""geodesic"":true,""type"":""Point"",""coordinates"":[-2.65,5.21]}",2006-02-14
2_2006_02_22_164,ANK-01,-2.65,4.1000000000000005,Ankasa_Plot_1,Ankasa National Park,ANK,"{""geodesic"":true,""type"":""Point"",""coordinates"":[-2.65,5.21]}",2006-02-22
2_2006_02_22_165,ANK-03,-2.65,2.7,Ankasa_Plot_3,Ankasa National Park,ANK,"{""geodesic"":true,""type"":""Point"",""coordinates"":[-2.65,5.25]}",2006-02-22
2_2006_04_07_166,BOB-01,-1.338918,4.7,Bobiri_Plot_1_,Bobiri,BOB,"{""geodesic"":true,""type"":""Point"",""coordinates"":[-1.338918,6.691043]}",2006-04-07
2_2006_04_19_166,BOB-01,-1.338918,4.1000000000000005,Bobiri_Plot_1_,Bobiri,BOB,"{""geodesic"":true,""type"":""Point"",""coordinates"":[-1.338918,6.691043]}",2006-04-19
2_2006_06_22_164,ANK-01,-2.65,1.5,Ankasa_Plot_1,Ankasa National Park,ANK,"{""geodesic"":true,""type"":""Point"",""coordinates"":[-2.65,5.21]}",2006-06-22
2_2006_06_22_165,ANK-03,-2.65,1.4000000000000001,Ankasa_Plot_3,Ankasa National Park,ANK,"{""geodesic"":true,""type"":""Point"",""coordinates"":[-2.65,5.25]}",2006-06-22
2_2006_10_16_166,BOB-01,-1.338918,3.1,Bobiri_Plot_1_,Bobiri,BOB,"{""geodesic"":true,""type"":""Point"",""coordinates"":[-1.338918,6.691043]}",2006-10-16
2_2006_10_20_165,ANK-03,-2.65,1.3,Ankasa_Plot_3,Ankasa National Park,ANK,"{""geodesic"":true,""type"":""Point"",""coordinates"":[-2.65,5.25]}",2006-10-20
2_2006_10_28_165,ANK-03,-2.65,3.1,Ankasa_Plot_3,Ankasa National Park,ANK,"{""geodesic"":true,""type"":""Point"",""coordinates"":[-2.65,5.25]}",2006-10-28
2_2006_11_09_165,ANK-03,-2.65,4,Ankasa_Plot_3,Ankasa National Park,ANK,"{""geodesic"":true,""type"":""Point"",""coordinates"":[-2.65,5.25]}",2006-11-09
2_2006_11_21_164,ANK-01,-2.65,2.5,Ankasa_Plot_1,Ankasa National Park,ANK,"{""geodesic"":true,""type"":""Point"",""coordinates"":[-2.65,5.21]}",2006-11-21
2_2006_11_25_166,BOB-01,-1.338918,2.7,Bobiri_Plot_1_,Bobiri,BOB,"{""geodesic"":true,""type"":""Point"",""coordinates"":[-1.338918,6.691043]}",2006-11-25
2_2006_11_29_164,ANK-01,-2.65,2,Ankasa_Plot_1,Ankasa National Park,ANK,"{""geodesic"":true,""type"":""Point"",""coordinates"":[-2.65,5.21]}",2006-11-29
2_2006_12_07_165,ANK-03,-2.65,3.5,Ankasa_Plot_3,Ankasa National Park,ANK,"{""geodesic"":true,""type"":""Point"",""coordinates"":[-2.65,5.25]}",2006-12-07
2_2006_12_07_166,BOB-01,-1.338918,4.800000000000001,Bobiri_Plot_1_,Bobiri,BOB,"{""geodesic"":true,""type"":""Point"",""coordinates"":[-1.338918,6.691043]}",2006-12-07
2_2006_12_11_166,BOB-01,-1.338918,4.3,Bobiri_Plot_1_,Bobiri,BOB,"{""geodesic"":true,""type"":""Point"",""coordinates"":[-1.338918,6.691043]}",2006-12-11
2_2006_12_19_164,ANK-01,-2.65,4.6000000000000005,Ankasa_Plot_1,Ankasa National Park,ANK,"{""geodesic"":true,""type"":""Point"",""coordinates"":[-2.65,5.21]}",2006-12-19
2_2006_12_19_165,ANK-03,-2.65,1.1,Ankasa_Plot_3,Ankasa National Park,ANK,"{""geodesic"":true,""type"":""Point"",""coordinates"":[-2.65,5.25]}",2006-12-19
2_2006_12_19_166,BOB-01,-1.338918,3.1,Bobiri_Plot_1_,Bobiri,BOB,"{""geodesic"":true,""type"":""Point"",""coordinates"":[-1.338918,6.691043]}",2006-12-19
2_2006_12_23_166,BOB-01,-1.338918,4.4,Bobiri_Plot_1_,Bobiri,BOB,"{""geodesic"":true,""type"":""Point"",""coordinates"":[-1.338918,6.691043]}",2006-12-23
2_2006_12_27_166,BOB-01,-1.338918,4.2,Bobiri_Plot_1_,Bobiri,BOB,"{""geodesic"":true,""type"":""Point"",""coordinates"":[-1.338918,6.691043]}",2006-12-27
2_2007_01_05_166,BOB-01,-1.338918,1.4000000000000001,Bobiri_Plot_1_,Bobiri,BOB,"{""geodesic"":true,""type"":""Point"",""coordinates"":[-1.338918,6.691043]}",2007-01-05
2_2007_01_13_166,BOB-01,-1.338918,3.7,Bobiri_Plot_1_,Bobiri,BOB,"{""geodesic"":true,""type"":""Point"",""coordinates"":[-1.338918,6.691043]}",2007-01-13
2_2007_01_21_165,ANK-03,-2.65,1.5,Ankasa_Plot_3,Ankasa National Park,ANK,"{""geodesic"":true,""type"":""Point"",""coordinates"":[-2.65,5.25]}",2007-01-21
2_2007_01_21_166,BOB-01,-1.338918,2.4000000000000004,Bobiri_Plot_1_,Bobiri,BOB,"{""geodesic"":true,""type"":""Point"",""coordinates"":[-1.338918,6.691043]}",2007-01-21
2_2007_02_02_166,BOB-01,-1.338918,4.9,Bobiri_Plot_1_,Bobiri,BOB,"{""geodesic"":true,""type"":""Point"",""coordinates"":[-1.338918,6.691043]}",2007-02-02
2_2007_03_10_166,BOB-01,-1.338918,4.3,Bobiri_Plot_1_,Bobiri,BOB,"{""geodesic"":true,""type"":""Point"",""coordinates"":[-1.338918,6.691043]}",2007-03-10
2_2007_03_18_166,BOB-01,-1.338918,3.6,Bobiri_Plot_1_,Bobiri,BOB,"{""geodesic"":true,""type"":""Point"",""coordinates"":[-1.338918,6.691043]}",2007-03-18
2_2007_03_30_166,BOB-01,-1.338918,4.1000000000000005,Bobiri_Plot_1_,Bobiri,BOB,"{""geodesic"":true,""type"":""Point"",""coordinates"":[-1.338918,6.691043]}",2007-03-30
2_2007_04_07_165,ANK-03,-2.65,4.3,Ankasa_Plot_3,Ankasa National Park,ANK,"{""geodesic"":true,""type"":""Point"",""coordinates"":[-2.65,5.25]}",2007-04-07
2_2007_05_05_165,ANK-03,-2.65,3.1,Ankasa_Plot_3,Ankasa National Park,ANK,"{""geodesic"":true,""type"":""Point"",""coordinates"":[-2.65,5.25]}",2007-05-05
2_2007_06_06_165,ANK-03,-2.65,4,Ankasa_Plot_3,Ankasa National Park,ANK,"{""geodesic"":true,""type"":""Point"",""coordinates"":[-2.65,5.25]}",2007-06-06
2_2007_07_24_166,BOB-01,-1.338918,2.8000000000000003,Bobiri_Plot_1_,Bobiri,BOB,"{""geodesic"":true,""type"":""Point"",""coordinates"":[-1.338918,6.691043]}",2007-07-24
2_2007_07_28_164,ANK-01,-2.65,1.9000000000000001,Ankasa_Plot_1,Ankasa National Park,ANK,"{""geodesic"":true,""type"":""Point"",""coordinates"":[-2.65,5.21]}",2007-07-28
2_2007_11_17_165,ANK-03,-2.65,1.1,Ankasa_Plot_3,Ankasa National Park,ANK,"{""geodesic"":true,""type"":""Point"",""coordinates"":[-2.65,5.25]}",2007-11-17
2_2007_11_25_165,ANK-03,-2.65,3.2,Ankasa_Plot_3,Ankasa National Park,ANK,"{""geodesic"":true,""type"":""Point"",""coordinates"":[-2.65,5.25]}",2007-11-25
2_2007_11_29_166,BOB-01,-1.338918,3.8000000000000003,Bobiri_Plot_1_,Bobiri,BOB,"{""geodesic"":true,""type"":""Point"",""coordinates"":[-1.338918,6.691043]}",2007-11-29
2_2007_12_03_165,ANK-03,-2.65,1.5,Ankasa_Plot_3,Ankasa National Park,ANK,"{""geodesic"":true,""type"":""Point"",""coordinates"":[-2.65,5.25]}",2007-12-03
2_2007_12_07_165,ANK-03,-2.65,1.7000000000000002,Ankasa_Plot_3,Ankasa National Park,ANK,"{""geodesic"":true,""type"":""Point"",""coordinates"":[-2.65,5.25]}",2007-12-07
2_2007_12_15_166,BOB-01,-1.338918,3.1,Bobiri_Plot_1_,Bobiri,BOB,"{""geodesic"":true,""type"":""Point"",""coordinates"":[-1.338918,6.691043]}",2007-12-15
2_2007_12_23_165,ANK-03,-2.65,1.5,Ankasa_Plot_3,Ankasa National Park,ANK,"{""geodesic"":true,""type"":""Point"",""coordinates"":[-2.65,5.25]}",2007-12-23
2_2007_12_23_166,BOB-01,-1.338918,3.9000000000000004,Bobiri_Plot_1_,Bobiri,BOB,"{""geodesic"":true,""type"":""Point"",""coordinates"":[-1.338918,6.691043]}",2007-12-23
2_2007_12_31_164,ANK-01,-2.65,2.9000000000000004,Ankasa_Plot_1,Ankasa National Park,ANK,"{""geodesic"":true,""type"":""Point"",""coordinates"":[-2.65,5.21]}",2007-12-31
2_2007_12_31_165,ANK-03,-2.65,5.1000000000000005,Ankasa_Plot_3,Ankasa National Park,ANK,"{""geodesic"":true,""type"":""Point"",""coordinates"":[-2.65,5.25]}",2007-12-31
2_2008_01_01_164,ANK-01,-2.65,3.4000000000000004,Ankasa_Plot_1,Ankasa National Park,ANK,"{""geodesic"":true,""type"":""Point"",""coordinates"":[-2.65,5.21]}",2008-01-01
2_2008_01_01_165,ANK-03,-2.65,5.1000000000000005,Ankasa_Plot_3,Ankasa National Park,ANK,"{""geodesic"":true,""type"":""Point"",""coordinates"":[-2.65,5.25]}",2008-01-01
2_2008_01_05_164,ANK-01,-2.65,4.9,Ankasa_Plot_1,Ankasa National Park,ANK,"{""geodesic"":true,""type"":""Point"",""coordinates"":[-2.65,5.21]}",2008-01-05
2_2008_01_05_165,ANK-03,-2.65,3.7,Ankasa_Plot_3,Ankasa National Park,ANK,"{""geodesic"":true,""type"":""Point"",""coordinates"":[-2.65,5.25]}",2008-01-05
2_2008_01_05_166,BOB-01,-1.338918,4.1000000000000005,Bobiri_Plot_1_,Bobiri,BOB,"{""geodesic"":true,""type"":""Point"",""coordinates"":[-1.338918,6.691043]}",2008-01-05
2_2008_01_09_164,ANK-01,-2.65,4.4,Ankasa_Plot_1,Ankasa National Park,ANK,"{""geodesic"":true,""type"":""Point"",""coordinates"":[-2.65,5.21]}",2008-01-09
2_2008_01_09_165,ANK-03,-2.65,3,Ankasa_Plot_3,Ankasa National Park,ANK,"{""geodesic"":true,""type"":""Point"",""coordinates"":[-2.65,5.25]}",2008-01-09
2_2008_01_09_166,BOB-01,-1.338918,3.9000000000000004,Bobiri_Plot_1_,Bobiri,BOB,"{""geodesic"":true,""type"":""Point"",""coordinates"":[-1.338918,6.691043]}",2008-01-09
2_2008_01_13_166,BOB-01,-1.338918,4.3,Bobiri_Plot_1_,Bobiri,BOB,"{""geodesic"":true,""type"":""Point"",""coordinates"":[-1.338918,6.691043]}",2008-01-13
2_2008_01_17_166,BOB-01,-1.338918,2.7,Bobiri_Plot_1_,Bobiri,BOB,"{""geodesic"":true,""type"":""Point"",""coordinates"":[-1.338918,6.691043]}",2008-01-17
2_2008_01_21_166,BOB-01,-1.338918,5,Bobiri_Plot_1_,Bobiri,BOB,"{""geodesic"":true,""type"":""Point"",""coordinates"":[-1.338918,6.691043]}",2008-01-21
2_2008_01_25_164,ANK-01,-2.65,3.3000000000000003,Ankasa_Plot_1,Ankasa National Park,ANK,"{""geodesic"":true,""type"":""Point"",""coordinates"":[-2.65,5.21]}",2008-01-25
2_2008_01_25_165,ANK-03,-2.65,5.1000000000000005,Ankasa_Plot_3,Ankasa National Park,ANK,"{""geodesic"":true,""type"":""Point"",""coordinates"":[-2.65,5.25]}",2008-01-25
2_2008_01_25_166,BOB-01,-1.338918,4.1000000000000005,Bobiri_Plot_1_,Bobiri,BOB,"{""geodesic"":true,""type"":""Point"",""coordinates"":[-1.338918,6.691043]}",2008-01-25
2_2008_01_29_165,ANK-03,-2.65,1.5,Ankasa_Plot_3,Ankasa National Park,ANK,"{""geodesic"":true,""type"":""Point"",""coordinates"":[-2.65,5.25]}",2008-01-29
2_2008_01_29_166,BOB-01,-1.338918,4.2,Bobiri_Plot_1_,Bobiri,BOB,"{""geodesic"":true,""type"":""Point"",""coordinates"":[-1.338918,6.691043]}",2008-01-29
2_2008_02_02_166,BOB-01,-1.338918,1.6,Bobiri_Plot_1_,Bobiri,BOB,"{""geodesic"":true,""type"":""Point"",""coordinates"":[-1.338918,6.691043]}",2008-02-02
2_2008_02_10_164,ANK-01,-2.65,1.4000000000000001,Ankasa_Plot_1,Ankasa National Park,ANK,"{""geodesic"":true,""type"":""Point"",""coordinates"":[-2.65,5.21]}",2008-02-10
2_2008_02_14_166,BOB-01,-1.338918,1.9000000000000001,Bobiri_Plot_1_,Bobiri,BOB,"{""geodesic"":true,""type"":""Point"",""coordinates"":[-1.338918,6.691043]}",2008-02-14
2_2008_03_21_164,ANK-01,-2.65,2.6,Ankasa_Plot_1,Ankasa National Park,ANK,"{""geodesic"":true,""type"":""Point"",""coordinates"":[-2.65,5.21]}",2008-03-21
2_2008_09_13_166,BOB-01,-1.338918,1.3,Bobiri_Plot_1_,Bobiri,BOB,"{""geodesic"":true,""type"":""Point"",""coordinates"":[-1.338918,6.691043]}",2008-09-13
2_2008_10_11_165,ANK-03,-2.65,1.2000000000000002,Ankasa_Plot_3,Ankasa National Park,ANK,"{""geodesic"":true,""type"":""Point"",""coordinates"":[-2.65,5.25]}",2008-10-11
2_2008_10_23_166,BOB-01,-1.338918,3.3000000000000003,Bobiri_Plot_1_,Bobiri,BOB,"{""geodesic"":true,""type"":""Point"",""coordinates"":[-1.338918,6.691043]}",2008-10-23
2_2008_11_08_165,ANK-03,-2.65,1.1,Ankasa_Plot_3,Ankasa National Park,ANK,"{""geodesic"":true,""type"":""Point"",""coordinates"":[-2.65,5.25]}",2008-11-08
2_2008_11_20_165,ANK-03,-2.65,4.1000000000000005,Ankasa_Plot_3,Ankasa National Park,ANK,"{""geodesic"":true,""type"":""Point"",""coordinates"":[-2.65,5.25]}",2008-11-20
2_2008_11_24_166,BOB-01,-1.338918,3.3000000000000003,Bobiri_Plot_1_,Bobiri,BOB,"{""geodesic"":true,""type"":""Point"",""coordinates"":[-1.338918,6.691043]}",2008-11-24
2_2008_11_28_165,ANK-03,-2.65,2.4000000000000004,Ankasa_Plot_3,Ankasa National Park,ANK,"{""geodesic"":true,""type"":""Point"",""coordinates"":[-2.65,5.25]}",2008-11-28
2_2008_12_06_165,ANK-03,-2.65,4.1000000000000005,Ankasa_Plot_3,Ankasa National Park,ANK,"{""geodesic"":true,""type"":""Point"",""coordinates"":[-2.65,5.25]}",2008-12-06
2_2008_12_10_164,ANK-01,-2.65,4,Ankasa_Plot_1,Ankasa National Park,ANK,"{""geodesic"":true,""type"":""Point"",""coordinates"":[-2.65,5.21]}",2008-12-10
2_2008_12_14_166,BOB-01,-1.338918,4.9,Bobiri_Plot_1_,Bobiri,BOB,"{""geodesic"":true,""type"":""Point"",""coordinates"":[-1.338918,6.691043]}",2008-12-14
2_2008_12_18_166,BOB-01,-1.338918,3,Bobiri_Plot_1_,Bobiri,BOB,"{""geodesic"":true,""type"":""Point"",""coordinates"":[-1.338918,6.691043]}",2008-12-18
2_2008_12_22_166,BOB-01,-1.338918,4.2,Bobiri_Plot_1_,Bobiri,BOB,"{""geodesic"":true,""type"":""Point"",""coordinates"":[-1.338918,6.691043]}",2008-12-22
2_2008_12_26_166,BOB-01,-1.338918,3.4000000000000004,Bobiri_Plot_1_,Bobiri,BOB,"{""geodesic"":true,""type"":""Point"",""coordinates"":[-1.338918,6.691043]}",2008-12-26
2_2009_01_01_166,BOB-01,-1.338918,1.6,Bobiri_Plot_1_,Bobiri,BOB,"{""geodesic"":true,""type"":""Point"",""coordinates"":[-1.338918,6.691043]}",2009-01-01
2_2009_01_05_166,BOB-01,-1.338918,1.4000000000000001,Bobiri_Plot_1_,Bobiri,BOB,"{""geodesic"":true,""type"":""Point"",""coordinates"":[-1.338918,6.691043]}",2009-01-05
2_2009_01_09_166,BOB-01,-1.338918,4.2,Bobiri_Plot_1_,Bobiri,BOB,"{""geodesic"":true,""type"":""Point"",""coordinates"":[-1.338918,6.691043]}",2009-01-09
2_2009_01_13_165,ANK-03,-2.65,5,Ankasa_Plot_3,Ankasa National Park,ANK,"{""geodesic"":true,""type"":""Point"",""coordinates"":[-2.65,5.25]}",2009-01-13
2_2009_01_13_166,BOB-01,-1.338918,4.1000000000000005,Bobiri_Plot_1_,Bobiri,BOB,"{""geodesic"":true,""type"":""Point"",""coordinates"":[-1.338918,6.691043]}",2009-01-13
2_2009_01_17_166,BOB-01,-1.338918,2.6,Bobiri_Plot_1_,Bobiri,BOB,"{""geodesic"":true,""type"":""Point"",""coordinates"":[-1.338918,6.691043]}",2009-01-17
2_2009_01_21_164,ANK-01,-2.65,3.4000000000000004,Ankasa_Plot_1,Ankasa National Park,ANK,"{""geodesic"":true,""type"":""Point"",""coordinates"":[-2.65,5.21]}",2009-01-21
2_2009_01_21_166,BOB-01,-1.338918,1.6,Bobiri_Plot_1_,Bobiri,BOB,"{""geodesic"":true,""type"":""Point"",""coordinates"":[-1.338918,6.691043]}",2009-01-21
2_2009_01_25_165,ANK-03,-2.65,4.6000000000000005,Ankasa_Plot_3,Ankasa National Park,ANK,"{""geodesic"":true,""type"":""Point"",""coordinates"":[-2.65,5.25]}",2009-01-25
2_2009_01_25_166,BOB-01,-1.338918,4.7,Bobiri_Plot_1_,Bobiri,BOB,"{""geodesic"":true,""type"":""Point"",""coordinates"":[-1.338918,6.691043]}",2009-01-25
2_2009_01_29_166,BOB-01,-1.338918,2.5,Bobiri_Plot_1_,Bobiri,BOB,"{""geodesic"":true,""type"":""Point"",""coordinates"":[-1.338918,6.691043]}",2009-01-29
2_2009_02_10_164,ANK-01,-2.65,4.9,Ankasa_Plot_1,Ankasa National Park,ANK,"{""geodesic"":true,""type"":""Point"",""coordinates"":[-2.65,5.21]}",2009-02-10
2_2009_03_06_166,BOB-01,-1.338918,3.9000000000000004,Bobiri_Plot_1_,Bobiri,BOB,"{""geodesic"":true,""type"":""Point"",""coordinates"":[-1.338918,6.691043]}",2009-03-06
2_2009_03_10_166,BOB-01,-1.338918,4.7,Bobiri_Plot_1_,Bobiri,BOB,"{""geodesic"":true,""type"":""Point"",""coordinates"":[-1.338918,6.691043]}",2009-03-10
2_2009_04_11_166,BOB-01,-1.338918,4.1000000000000005,Bobiri_Plot_1_,Bobiri,BOB,"{""geodesic"":true,""type"":""Point"",""coordinates"":[-1.338918,6.691043]}",2009-04-11
2_2009_06_06_165,ANK-03,-2.65,2.5,Ankasa_Plot_3,Ankasa National Park,ANK,"{""geodesic"":true,""type"":""Point"",""coordinates"":[-2.65,5.25]}",2009-06-06
2_2009_06_22_164,ANK-01,-2.65,4.7,Ankasa_Plot_1,Ankasa National Park,ANK,"{""geodesic"":true,""type"":""Point"",""coordinates"":[-2.65,5.21]}",2009-06-22
2_2009_08_01_164,ANK-01,-2.65,4.6000000000000005,Ankasa_Plot_1,Ankasa National Park,ANK,"{""geodesic"":true,""type"":""Point"",""coordinates"":[-2.65,5.21]}",2009-08-01
2_2009_10_08_166,BOB-01,-1.338918,4.7,Bobiri_Plot_1_,Bobiri,BOB,"{""geodesic"":true,""type"":""Point"",""coordinates"":[-1.338918,6.691043]}",2009-10-08
2_2009_11_09_164,ANK-01,-2.65,4.5,Ankasa_Plot_1,Ankasa National Park,ANK,"{""geodesic"":true,""type"":""Point"",""coordinates"":[-2.65,5.21]}",2009-11-09
2_2009_11_09_166,BOB-01,-1.338918,3.8000000000000003,Bobiri_Plot_1_,Bobiri,BOB,"{""geodesic"":true,""type"":""Point"",""coordinates"":[-1.338918,6.691043]}",2009-11-09
2_2009_11_13_165,ANK-03,-2.65,1.9000000000000001,Ankasa_Plot_3,Ankasa National Park,ANK,"{""geodesic"":true,""type"":""Point"",""coordinates"":[-2.65,5.25]}",2009-11-13
2_2009_11_17_164,ANK-01,-2.65,1.5,Ankasa_Plot_1,Ankasa National Park,ANK,"{""geodesic"":true,""type"":""Point"",""coordinates"":[-2.65,5.21]}",2009-11-17
2_2009_12_03_166,BOB-01,-1.338918,3.4000000000000004,Bobiri_Plot_1_,Bobiri,BOB,"{""geodesic"":true,""type"":""Point"",""coordinates"":[-1.338918,6.691043]}",2009-12-03
2_2009_12_11_165,ANK-03,-2.65,4.5,Ankasa_Plot_3,Ankasa National Park,ANK,"{""geodesic"":true,""type"":""Point"",""coordinates"":[-2.65,5.25]}",2009-12-11
2_2009_12_11_166,BOB-01,-1.338918,3,Bobiri_Plot_1_,Bobiri,BOB,"{""geodesic"":true,""type"":""Point"",""coordinates"":[-1.338918,6.691043]}",2009-12-11
2_2009_12_19_165,ANK-03,-2.65,4.800000000000001,Ankasa_Plot_3,Ankasa National Park,ANK,"{""geodesic"":true,""type"":""Point"",""coordinates"":[-2.65,5.25]}",2009-12-19
2_2009_12_23_165,ANK-03,-2.65,2.5,Ankasa_Plot_3,Ankasa National Park,ANK,"{""geodesic"":true,""type"":""Point"",""coordinates"":[-2.65,5.25]}",2009-12-23
2_2009_12_27_164,ANK-01,-2.65,4.6000000000000005,Ankasa_Plot_1,Ankasa National Park,ANK,"{""geodesic"":true,""type"":""Point"",""coordinates"":[-2.65,5.21]}",2009-12-27
2_2009_12_27_165,ANK-03,-2.65,3.4000000000000004,Ankasa_Plot_3,Ankasa National Park,ANK,"{""geodesic"":true,""type"":""Point"",""coordinates"":[-2.65,5.25]}",2009-12-27
2_2009_12_31_166,BOB-01,-1.338918,4.5,Bobiri_Plot_1_,Bobiri,BOB,"{""geodesic"":true,""type"":""Point"",""coordinates"":[-1.338918,6.691043]}",2009-12-31
2_2010_01_01_166,BOB-01,-1.338918,4.5,Bobiri_Plot_1_,Bobiri,BOB,"{""geodesic"":true,""type"":""Point"",""coordinates"":[-1.338918,6.691043]}",2010-01-01
2_2010_01_05_166,BOB-01,-1.338918,3.9000000000000004,Bobiri_Plot_1_,Bobiri,BOB,"{""geodesic"":true,""type"":""Point"",""coordinates"":[-1.338918,6.691043]}",2010-01-05
2_2010_01_09_166,BOB-01,-1.338918,4.4,Bobiri_Plot_1_,Bobiri,BOB,"{""geodesic"":true,""type"":""Point"",""coordinates"":[-1.338918,6.691043]}",2010-01-09
2_2010_01_13_166,BOB-01,-1.338918,3,Bobiri_Plot_1_,Bobiri,BOB,"{""geodesic"":true,""type"":""Point"",""coordinates"":[-1.338918,6.691043]}",2010-01-13
2_2010_01_21_164,ANK-01,-2.65,4.7,Ankasa_Plot_1,Ankasa National Park,ANK,"{""geodesic"":true,""type"":""Point"",""coordinates"":[-2.65,5.21]}",2010-01-21
2_2010_01_21_165,ANK-03,-2.65,1.1,Ankasa_Plot_3,Ankasa National Park,ANK,"{""geodesic"":true,""type"":""Point"",""coordinates"":[-2.65,5.25]}",2010-01-21
2_2010_01_21_166,BOB-01,-1.338918,4,Bobiri_Plot_1_,Bobiri,BOB,"{""geodesic"":true,""type"":""Point"",""coordinates"":[-1.338918,6.691043]}",2010-01-21
2_2010_01_25_166,BOB-01,-1.338918,5.1000000000000005,Bobiri_Plot_1_,Bobiri,BOB,"{""geodesic"":true,""type"":""Point"",""coordinates"":[-1.338918,6.691043]}",2010-01-25
2_2010_01_29_166,BOB-01,-1.338918,3.4000000000000004,Bobiri_Plot_1_,Bobiri,BOB,"{""geodesic"":true,""type"":""Point"",""coordinates"":[-1.338918,6.691043]}",2010-01-29
2_2010_02_02_164,ANK-01,-2.65,5.1000000000000005,Ankasa_Plot_1,Ankasa National Park,ANK,"{""geodesic"":true,""type"":""Point"",""coordinates"":[-2.65,5.21]}",2010-02-02
2_2010_02_02_165,ANK-03,-2.65,1.5,Ankasa_Plot_3,Ankasa National Park,ANK,"{""geodesic"":true,""type"":""Point"",""coordinates"":[-2.65,5.25]}",2010-02-02
2_2010_02_06_165,ANK-03,-2.65,4.1000000000000005,Ankasa_Plot_3,Ankasa National Park,ANK,"{""geodesic"":true,""type"":""Point"",""coordinates"":[-2.65,5.25]}",2010-02-06
2_2010_02_06_166,BOB-01,-1.338918,4.2,Bobiri_Plot_1_,Bobiri,BOB,"{""geodesic"":true,""type"":""Point"",""coordinates"":[-1.338918,6.691043]}",2010-02-06
2_2010_02_10_165,ANK-03,-2.65,4.2,Ankasa_Plot_3,Ankasa National Park,ANK,"{""geodesic"":true,""type"":""Point"",""coordinates"":[-2.65,5.25]}",2010-02-10
2_2010_02_10_166,BOB-01,-1.338918,3,Bobiri_Plot_1_,Bobiri,BOB,"{""geodesic"":true,""type"":""Point"",""coordinates"":[-1.338918,6.691043]}",2010-02-10
2_2010_02_18_166,BOB-01,-1.338918,3.3000000000000003,Bobiri_Plot_1_,Bobiri,BOB,"{""geodesic"":true,""type"":""Point"",""coordinates"":[-1.338918,6.691043]}",2010-02-18
2_2010_03_14_166,BOB-01,-1.338918,4.3,Bobiri_Plot_1_,Bobiri,BOB,"{""geodesic"":true,""type"":""Point"",""coordinates"":[-1.338918,6.691043]}",2010-03-14
2_2010_04_07_166,BOB-01,-1.338918,4.9,Bobiri_Plot_1_,Bobiri,BOB,"{""geodesic"":true,""type"":""Point"",""coordinates"":[-1.338918,6.691043]}",2010-04-07
2_2010_08_05_165,ANK-03,-2.65,4.6000000000000005,Ankasa_Plot_3,Ankasa National Park,ANK,"{""geodesic"":true,""type"":""Point"",""coordinates"":[-2.65,5.25]}",2010-08-05
2_2010_08_05_166,BOB-01,-1.338918,4.7,Bobiri_Plot_1_,Bobiri,BOB,"{""geodesic"":true,""type"":""Point"",""coordinates"":[-1.338918,6.691043]}",2010-08-05
2_2010_10_12_165,ANK-03,-2.65,1,Ankasa_Plot_3,Ankasa National Park,ANK,"{""geodesic"":true,""type"":""Point"",""coordinates"":[-2.65,5.25]}",2010-10-12
2_2010_10_24_166,BOB-01,-1.338918,4.7,Bobiri_Plot_1_,Bobiri,BOB,"{""geodesic"":true,""type"":""Point"",""coordinates"":[-1.338918,6.691043]}",2010-10-24
2_2010_11_17_166,BOB-01,-1.338918,3.8000000000000003,Bobiri_Plot_1_,Bobiri,BOB,"{""geodesic"":true,""type"":""Point"",""coordinates"":[-1.338918,6.691043]}",2010-11-17
2_2010_11_25_166,BOB-01,-1.338918,3.2,Bobiri_Plot_1_,Bobiri,BOB,"{""geodesic"":true,""type"":""Point"",""coordinates"":[-1.338918,6.691043]}",2010-11-25
2_2010_12_07_166,BOB-01,-1.338918,4.5,Bobiri_Plot_1_,Bobiri,BOB,"{""geodesic"":true,""type"":""Point"",""coordinates"":[-1.338918,6.691043]}",2010-12-07
2_2010_12_15_165,ANK-03,-2.65,2.8000000000000003,Ankasa_Plot_3,Ankasa National Park,ANK,"{""geodesic"":true,""type"":""Point"",""coordinates"":[-2.65,5.25]}",2010-12-15
2_2010_12_19_166,BOB-01,-1.338918,1.2000000000000002,Bobiri_Plot_1_,Bobiri,BOB,"{""geodesic"":true,""type"":""Point"",""coordinates"":[-1.338918,6.691043]}",2010-12-19
2_2010_12_27_165,ANK-03,-2.65,1.5,Ankasa_Plot_3,Ankasa National Park,ANK,"{""geodesic"":true,""type"":""Point"",""coordinates"":[-2.65,5.25]}",2010-12-27
2_2010_12_27_166,BOB-01,-1.338918,3.8000000000000003,Bobiri_Plot_1_,Bobiri,BOB,"{""geodesic"":true,""type"":""Point"",""coordinates"":[-1.338918,6.691043]}",2010-12-27
2_2010_12_31_164,ANK-01,-2.65,3.7,Ankasa_Plot_1,Ankasa National Park,ANK,"{""geodesic"":true,""type"":""Point"",""coordinates"":[-2.65,5.21]}",2010-12-31
2_2010_12_31_165,ANK-03,-2.65,2,Ankasa_Plot_3,Ankasa National Park,ANK,"{""geodesic"":true,""type"":""Point"",""coordinates"":[-2.65,5.25]}",2010-12-31
2_2010_12_31_166,BOB-01,-1.338918,3.5,Bobiri_Plot_1_,Bobiri,BOB,"{""geodesic"":true,""type"":""Point"",""coordinates"":[-1.338918,6.691043]}",2010-12-31
2_2011_01_01_164,ANK-01,-2.65,3.7,Ankasa_Plot_1,Ankasa National Park,ANK,"{""geodesic"":true,""type"":""Point"",""coordinates"":[-2.65,5.21]}",2011-01-01
2_2011_01_01_165,ANK-03,-2.65,2,Ankasa_Plot_3,Ankasa National Park,ANK,"{""geodesic"":true,""type"":""Point"",""coordinates"":[-2.65,5.25]}",2011-01-01
2_2011_01_01_166,BOB-01,-1.338918,3.5,Bobiri_Plot_1_,Bobiri,BOB,"{""geodesic"":true,""type"":""Point"",""coordinates"":[-1.338918,6.691043]}",2011-01-01
2_2011_01_05_166,BOB-01,-1.338918,4.4,Bobiri_Plot_1_,Bobiri,BOB,"{""geodesic"":true,""type"":""Point"",""coordinates"":[-1.338918,6.691043]}",2011-01-05
2_2011_01_17_166,BOB-01,-1.338918,2.4000000000000004,Bobiri_Plot_1_,Bobiri,BOB,"{""geodesic"":true,""type"":""Point"",""coordinates"":[-1.338918,6.691043]}",2011-01-17
2_2011_01_21_166,BOB-01,-1.338918,3.1,Bobiri_Plot_1_,Bobiri,BOB,"{""geodesic"":true,""type"":""Point"",""coordinates"":[-1.338918,6.691043]}",2011-01-21
2_2011_02_02_164,ANK-01,-2.65,4.4,Ankasa_Plot_1,Ankasa National Park,ANK,"{""geodesic"":true,""type"":""Point"",""coordinates"":[-2.65,5.21]}",2011-02-02
2_2011_02_02_165,ANK-03,-2.65,2.8000000000000003,Ankasa_Plot_3,Ankasa National Park,ANK,"{""geodesic"":true,""type"":""Point"",""coordinates"":[-2.65,5.25]}",2011-02-02
2_2011_02_02_166,BOB-01,-1.338918,2.4000000000000004,Bobiri_Plot_1_,Bobiri,BOB,"{""geodesic"":true,""type"":""Point"",""coordinates"":[-1.338918,6.691043]}",2011-02-02
2_2011_02_06_164,ANK-01,-2.65,4.1000000000000005,Ankasa_Plot_1,Ankasa National Park,ANK,"{""geodesic"":true,""type"":""Point"",""coordinates"":[-2.65,5.21]}",2011-02-06
2_2011_02_14_164,ANK-01,-2.65,4,Ankasa_Plot_1,Ankasa National Park,ANK,"{""geodesic"":true,""type"":""Point"",""coordinates"":[-2.65,5.21]}",2011-02-14
2_2011_02_14_165,ANK-03,-2.65,2.7,Ankasa_Plot_3,Ankasa National Park,ANK,"{""geodesic"":true,""type"":""Point"",""coordinates"":[-2.65,5.25]}",2011-02-14
2_2011_02_14_166,BOB-01,-1.338918,5.1000000000000005,Bobiri_Plot_1_,Bobiri,BOB,"{""geodesic"":true,""type"":""Point"",""coordinates"":[-1.338918,6.691043]}",2011-02-14
2_2011_02_18_166,BOB-01,-1.338918,2.5,Bobiri_Plot_1_,Bobiri,BOB,"{""geodesic"":true,""type"":""Point"",""coordinates"":[-1.338918,6.691043]}",2011-02-18
2_2011_02_22_166,BOB-01,-1.338918,4.6000000000000005,Bobiri_Plot_1_,Bobiri,BOB,"{""geodesic"":true,""type"":""Point"",""coordinates"":[-1.338918,6.691043]}",2011-02-22
2_2011_03_18_166,BOB-01,-1.338918,4.5,Bobiri_Plot_1_,Bobiri,BOB,"{""geodesic"":true,""type"":""Point"",""coordinates"":[-1.338918,6.691043]}",2011-03-18
2_2011_03_30_164,ANK-01,-2.65,3.9000000000000004,Ankasa_Plot_1,Ankasa National Park,ANK,"{""geodesic"":true,""type"":""Point"",""coordinates"":[-2.65,5.21]}",2011-03-30
2_2011_06_10_166,BOB-01,-1.338918,1.3,Bobiri_Plot_1_,Bobiri,BOB,"{""geodesic"":true,""type"":""Point"",""coordinates"":[-1.338918,6.691043]}",2011-06-10
2_2011_07_12_166,BOB-01,-1.338918,1,Bobiri_Plot_1_,Bobiri,BOB,"{""geodesic"":true,""type"":""Point"",""coordinates"":[-1.338918,6.691043]}",2011-07-12
2_2011_10_08_166,BOB-01,-1.338918,1.3,Bobiri_Plot_1_,Bobiri,BOB,"{""geodesic"":true,""type"":""Point"",""coordinates"":[-1.338918,6.691043]}",2011-10-08
2_2011_11_21_165,ANK-03,-2.65,1.5,Ankasa_Plot_3,Ankasa National Park,ANK,"{""geodesic"":true,""type"":""Point"",""coordinates"":[-2.65,5.25]}",2011-11-21
2_2011_11_29_165,ANK-03,-2.65,4,Ankasa_Plot_3,Ankasa National Park,ANK,"{""geodesic"":true,""type"":""Point"",""coordinates"":[-2.65,5.25]}",2011-11-29
2_2011_12_03_164,ANK-01,-2.65,4.1000000000000005,Ankasa_Plot_1,Ankasa National Park,ANK,"{""geodesic"":true,""type"":""Point"",""coordinates"":[-2.65,5.21]}",2011-12-03
2_2011_12_07_165,ANK-03,-2.65,4.5,Ankasa_Plot_3,Ankasa National Park,ANK,"{""geodesic"":true,""type"":""Point"",""coordinates"":[-2.65,5.25]}",2011-12-07
2_2011_12_15_165,ANK-03,-2.65,2.8000000000000003,Ankasa_Plot_3,Ankasa National Park,ANK,"{""geodesic"":true,""type"":""Point"",""coordinates"":[-2.65,5.25]}",2011-12-15
2_2011_12_19_166,BOB-01,-1.338918,4.9,Bobiri_Plot_1_,Bobiri,BOB,"{""geodesic"":true,""type"":""Point"",""coordinates"":[-1.338918,6.691043]}",2011-12-19
2_2011_12_23_165,ANK-03,-2.65,4.3,Ankasa_Plot_3,Ankasa National Park,ANK,"{""geodesic"":true,""type"":""Point"",""coordinates"":[-2.65,5.25]}",2011-12-23
2_2011_12_23_166,BOB-01,-1.338918,4.7,Bobiri_Plot_1_,Bobiri,BOB,"{""geodesic"":true,""type"":""Point"",""coordinates"":[-1.338918,6.691043]}",2011-12-23
2_2011_12_27_166,BOB-01,-1.338918,4.800000000000001,Bobiri_Plot_1_,Bobiri,BOB,"{""geodesic"":true,""type"":""Point"",""coordinates"":[-1.338918,6.691043]}",2011-12-27
2_2011_12_31_166,BOB-01,-1.338918,4.1000000000000005,Bobiri_Plot_1_,Bobiri,BOB,"{""geodesic"":true,""type"":""Point"",""coordinates"":[-1.338918,6.691043]}",2011-12-31
2_2012_01_01_165,ANK-03,-2.65,3.4000000000000004,Ankasa_Plot_3,Ankasa National Park,ANK,"{""geodesic"":true,""type"":""Point"",""coordinates"":[-2.65,5.25]}",2012-01-01
2_2012_01_01_166,BOB-01,-1.338918,4.1000000000000005,Bobiri_Plot_1_,Bobiri,BOB,"{""geodesic"":true,""type"":""Point"",""coordinates"":[-1.338918,6.691043]}",2012-01-01
2_2012_01_05_165,ANK-03,-2.65,4.2,Ankasa_Plot_3,Ankasa National Park,ANK,"{""geodesic"":true,""type"":""Point"",""coordinates"":[-2.65,5.25]}",2012-01-05
2_2012_01_05_166,BOB-01,-1.338918,4.1000000000000005,Bobiri_Plot_1_,Bobiri,BOB,"{""geodesic"":true,""type"":""Point"",""coordinates"":[-1.338918,6.691043]}",2012-01-05
2_2012_01_09_166,BOB-01,-1.338918,3.8000000000000003,Bobiri_Plot_1_,Bobiri,BOB,"{""geodesic"":true,""type"":""Point"",""coordinates"":[-1.338918,6.691043]}",2012-01-09
2_2012_01_13_164,ANK-01,-2.65,2.4000000000000004,Ankasa_Plot_1,Ankasa National Park,ANK,"{""geodesic"":true,""type"":""Point"",""coordinates"":[-2.65,5.21]}",2012-01-13
2_2012_01_13_165,ANK-03,-2.65,2.6,Ankasa_Plot_3,Ankasa National Park,ANK,"{""geodesic"":true,""type"":""Point"",""coordinates"":[-2.65,5.25]}",2012-01-13
2_2012_01_13_166,BOB-01,-1.338918,4.800000000000001,Bobiri_Plot_1_,Bobiri,BOB,"{""geodesic"":true,""type"":""Point"",""coordinates"":[-1.338918,6.691043]}",2012-01-13
2_2012_01_17_166,BOB-01,-1.338918,2.9000000000000004,Bobiri_Plot_1_,Bobiri,BOB,"{""geodesic"":true,""type"":""Point"",""coordinates"":[-1.338918,6.691043]}",2012-01-17
2_2012_01_21_166,BOB-01,-1.338918,2.6,Bobiri_Plot_1_,Bobiri,BOB,"{""geodesic"":true,""type"":""Point"",""coordinates"":[-1.338918,6.691043]}",2012-01-21
2_2012_02_02_166,BOB-01,-1.338918,3.4000000000000004,Bobiri_Plot_1_,Bobiri,BOB,"{""geodesic"":true,""type"":""Point"",""coordinates"":[-1.338918,6.691043]}",2012-02-02
2_2012_02_22_164,ANK-01,-2.65,3.8000000000000003,Ankasa_Plot_1,Ankasa National Park,ANK,"{""geodesic"":true,""type"":""Point"",""coordinates"":[-2.65,5.21]}",2012-02-22
2_2012_02_22_165,ANK-03,-2.65,2.5,Ankasa_Plot_3,Ankasa National Park,ANK,"{""geodesic"":true,""type"":""Point"",""coordinates"":[-2.65,5.25]}",2012-02-22
2_2012_02_22_166,BOB-01,-1.338918,2.9000000000000004,Bobiri_Plot_1_,Bobiri,BOB,"{""geodesic"":true,""type"":""Point"",""coordinates"":[-1.338918,6.691043]}",2012-02-22
2_2012_02_26_165,ANK-03,-2.65,5,Ankasa_Plot_3,Ankasa National Park,ANK,"{""geodesic"":true,""type"":""Point"",""coordinates"":[-2.65,5.25]}",2012-02-26
2_2012_03_09_164,ANK-01,-2.65,4.7,Ankasa_Plot_1,Ankasa National Park,ANK,"{""geodesic"":true,""type"":""Point"",""coordinates"":[-2.65,5.21]}",2012-03-09
2_2012_03_29_165,ANK-03,-2.65,4.800000000000001,Ankasa_Plot_3,Ankasa National Park,ANK,"{""geodesic"":true,""type"":""Point"",""coordinates"":[-2.65,5.25]}",2012-03-29
2_2012_06_17_166,BOB-01,-1.338918,4.1000000000000005,Bobiri_Plot_1_,Bobiri,BOB,"{""geodesic"":true,""type"":""Point"",""coordinates"":[-1.338918,6.691043]}",2012-06-17
2_2012_09_13_165,ANK-03,-2.65,4.3,Ankasa_Plot_3,Ankasa National Park,ANK,"{""geodesic"":true,""type"":""Point"",""coordinates"":[-2.65,5.25]}",2012-09-13
2_2012_09_29_165,ANK-03,-2.65,2.8000000000000003,Ankasa_Plot_3,Ankasa National Park,ANK,"{""geodesic"":true,""type"":""Point"",""coordinates"":[-2.65,5.25]}",2012-09-29
2_2012_10_07_166,BOB-01,-1.338918,3.7,Bobiri_Plot_1_,Bobiri,BOB,"{""geodesic"":true,""type"":""Point"",""coordinates"":[-1.338918,6.691043]}",2012-10-07
2_2012_10_31_166,BOB-01,-1.338918,5.6000000000000005,Bobiri_Plot_1_,Bobiri,BOB,"{""geodesic"":true,""type"":""Point"",""coordinates"":[-1.338918,6.691043]}",2012-10-31
2_2012_11_04_166,BOB-01,-1.338918,3.6,Bobiri_Plot_1_,Bobiri,BOB,"{""geodesic"":true,""type"":""Point"",""coordinates"":[-1.338918,6.691043]}",2012-11-04
2_2012_11_12_165,ANK-03,-2.65,4.9,Ankasa_Plot_3,Ankasa National Park,ANK,"{""geodesic"":true,""type"":""Point"",""coordinates"":[-2.65,5.25]}",2012-11-12
2_2012_11_28_164,ANK-01,-2.65,4,Ankasa_Plot_1,Ankasa National Park,ANK,"{""geodesic"":true,""type"":""Point"",""coordinates"":[-2.65,5.21]}",2012-11-28
2_2012_11_28_165,ANK-03,-2.65,3,Ankasa_Plot_3,Ankasa National Park,ANK,"{""geodesic"":true,""type"":""Point"",""coordinates"":[-2.65,5.25]}",2012-11-28
2_2012_11_28_166,BOB-01,-1.338918,4.4,Bobiri_Plot_1_,Bobiri,BOB,"{""geodesic"":true,""type"":""Point"",""coordinates"":[-1.338918,6.691043]}",2012-11-28
2_2012_12_22_166,BOB-01,-1.338918,2.8000000000000003,Bobiri_Plot_1_,Bobiri,BOB,"{""geodesic"":true,""type"":""Point"",""coordinates"":[-1.338918,6.691043]}",2012-12-22
2_2012_12_26_165,ANK-03,-2.65,3,Ankasa_Plot_3,Ankasa National Park,ANK,"{""geodesic"":true,""type"":""Point"",""coordinates"":[-2.65,5.25]}",2012-12-26
2_2012_12_26_166,BOB-01,-1.338918,4.6000000000000005,Bobiri_Plot_1_,Bobiri,BOB,"{""geodesic"":true,""type"":""Point"",""coordinates"":[-1.338918,6.691043]}",2012-12-26
2_2012_12_30_166,BOB-01,-1.338918,4.7,Bobiri_Plot_1_,Bobiri,BOB,"{""geodesic"":true,""type"":""Point"",""coordinates"":[-1.338918,6.691043]}",2012-12-30
2_2013_01_01_166,BOB-01,-1.338918,4.1000000000000005,Bobiri_Plot_1_,Bobiri,BOB,"{""geodesic"":true,""type"":""Point"",""coordinates"":[-1.338918,6.691043]}",2013-01-01
2_2013_01_05_166,BOB-01,-1.338918,4,Bobiri_Plot_1_,Bobiri,BOB,"{""geodesic"":true,""type"":""Point"",""coordinates"":[-1.338918,6.691043]}",2013-01-05
2_2013_01_09_165,ANK-03,-2.65,1.1,Ankasa_Plot_3,Ankasa National Park,ANK,"{""geodesic"":true,""type"":""Point"",""coordinates"":[-2.65,5.25]}",2013-01-09
2_2013_01_09_166,BOB-01,-1.338918,2.1,Bobiri_Plot_1_,Bobiri,BOB,"{""geodesic"":true,""type"":""Point"",""coordinates"":[-1.338918,6.691043]}",2013-01-09
2_2013_01_13_164,ANK-01,-2.65,4.9,Ankasa_Plot_1,Ankasa National Park,ANK,"{""geodesic"":true,""type"":""Point"",""coordinates"":[-2.65,5.21]}",2013-01-13
2_2013_01_13_165,ANK-03,-2.65,3.4000000000000004,Ankasa_Plot_3,Ankasa National Park,ANK,"{""geodesic"":true,""type"":""Point"",""coordinates"":[-2.65,5.25]}",2013-01-13
2_2013_01_13_166,BOB-01,-1.338918,4,Bobiri_Plot_1_,Bobiri,BOB,"{""geodesic"":true,""type"":""Point"",""coordinates"":[-1.338918,6.691043]}",2013-01-13
2_2013_01_17_165,ANK-03,-2.65,4,Ankasa_Plot_3,Ankasa National Park,ANK,"{""geodesic"":true,""type"":""Point"",""coordinates"":[-2.65,5.25]}",2013-01-17
2_2013_01_17_166,BOB-01,-1.338918,4,Bobiri_Plot_1_,Bobiri,BOB,"{""geodesic"":true,""type"":""Point"",""coordinates"":[-1.338918,6.691043]}",2013-01-17
2_2013_01_21_165,ANK-03,-2.65,3.2,Ankasa_Plot_3,Ankasa National Park,ANK,"{""geodesic"":true,""type"":""Point"",""coordinates"":[-2.65,5.25]}",2013-01-21
2_2013_01_21_166,BOB-01,-1.338918,3,Bobiri_Plot_1_,Bobiri,BOB,"{""geodesic"":true,""type"":""Point"",""coordinates"":[-1.338918,6.691043]}",2013-01-21
2_2013_01_25_166,BOB-01,-1.338918,3,Bobiri_Plot_1_,Bobiri,BOB,"{""geodesic"":true,""type"":""Point"",""coordinates"":[-1.338918,6.691043]}",2013-01-25
2_2013_01_29_164,ANK-01,-2.65,4.5,Ankasa_Plot_1,Ankasa National Park,ANK,"{""geodesic"":true,""type"":""Point"",""coordinates"":[-2.65,5.21]}",2013-01-29
2_2013_01_29_165,ANK-03,-2.65,3.9000000000000004,Ankasa_Plot_3,Ankasa National Park,ANK,"{""geodesic"":true,""type"":""Point"",""coordinates"":[-2.65,5.25]}",2013-01-29
2_2013_01_29_166,BOB-01,-1.338918,2.8000000000000003,Bobiri_Plot_1_,Bobiri,BOB,"{""geodesic"":true,""type"":""Point"",""coordinates"":[-1.338918,6.691043]}",2013-01-29
2_2013_02_02_165,ANK-03,-2.65,4.9,Ankasa_Plot_3,Ankasa National Park,ANK,"{""geodesic"":true,""type"":""Point"",""coordinates"":[-2.65,5.25]}",2013-02-02
2_2013_02_02_166,BOB-01,-1.338918,3.3000000000000003,Bobiri_Plot_1_,Bobiri,BOB,"{""geodesic"":true,""type"":""Point"",""coordinates"":[-1.338918,6.691043]}",2013-02-02
2_2013_02_06_166,BOB-01,-1.338918,1.7000000000000002,Bobiri_Plot_1_,Bobiri,BOB,"{""geodesic"":true,""type"":""Point"",""coordinates"":[-1.338918,6.691043]}",2013-02-06
2_2013_02_14_165,ANK-03,-2.65,2.8000000000000003,Ankasa_Plot_3,Ankasa National Park,ANK,"{""geodesic"":true,""type"":""Point"",""coordinates"":[-2.65,5.25]}",2013-02-14
2_2013_02_26_166,BOB-01,-1.338918,3,Bobiri_Plot_1_,Bobiri,BOB,"{""geodesic"":true,""type"":""Point"",""coordinates"":[-1.338918,6.691043]}",2013-02-26
2_2013_03_10_165,ANK-03,-2.65,4,Ankasa_Plot_3,Ankasa National Park,ANK,"{""geodesic"":true,""type"":""Point"",""coordinates"":[-2.65,5.25]}",2013-03-10
2_2013_03_14_165,ANK-03,-2.65,3.4000000000000004,Ankasa_Plot_3,Ankasa National Park,ANK,"{""geodesic"":true,""type"":""Point"",""coordinates"":[-2.65,5.25]}",2013-03-14
2_2013_04_11_166,BOB-01,-1.338918,4.5,Bobiri_Plot_1_,Bobiri,BOB,"{""geodesic"":true,""type"":""Point"",""coordinates"":[-1.338918,6.691043]}",2013-04-11
2_2013_07_20_164,ANK-01,-2.65,1.1,Ankasa_Plot_1,Ankasa National Park,ANK,"{""geodesic"":true,""type"":""Point"",""coordinates"":[-2.65,5.21]}",2013-07-20
2_2013_09_30_166,BOB-01,-1.338918,2.4000000000000004,Bobiri_Plot_1_,Bobiri,BOB,"{""geodesic"":true,""type"":""Point"",""coordinates"":[-1.338918,6.691043]}",2013-09-30
2_2013_10_16_166,BOB-01,-1.338918,2.9000000000000004,Bobiri_Plot_1_,Bobiri,BOB,"{""geodesic"":true,""type"":""Point"",""coordinates"":[-1.338918,6.691043]}",2013-10-16
2_2013_10_20_166,BOB-01,-1.338918,2.2,Bobiri_Plot_1_,Bobiri,BOB,"{""geodesic"":true,""type"":""Point"",""coordinates"":[-1.338918,6.691043]}",2013-10-20
2_2013_10_28_166,BOB-01,-1.338918,4.5,Bobiri_Plot_1_,Bobiri,BOB,"{""geodesic"":true,""type"":""Point"",""coordinates"":[-1.338918,6.691043]}",2013-10-28
2_2013_11_05_165,ANK-03,-2.65,2,Ankasa_Plot_3,Ankasa National Park,ANK,"{""geodesic"":true,""type"":""Point"",""coordinates"":[-2.65,5.25]}",2013-11-05
2_2013_11_09_164,ANK-01,-2.65,1.7000000000000002,Ankasa_Plot_1,Ankasa National Park,ANK,"{""geodesic"":true,""type"":""Point"",""coordinates"":[-2.65,5.21]}",2013-11-09
2_2013_11_17_164,ANK-01,-2.65,3.6,Ankasa_Plot_1,Ankasa National Park,ANK,"{""geodesic"":true,""type"":""Point"",""coordinates"":[-2.65,5.21]}",2013-11-17
2_2013_11_21_165,ANK-03,-2.65,3.1,Ankasa_Plot_3,Ankasa National Park,ANK,"{""geodesic"":true,""type"":""Point"",""coordinates"":[-2.65,5.25]}",2013-11-21
2_2013_11_25_166,BOB-01,-1.338918,3.2,Bobiri_Plot_1_,Bobiri,BOB,"{""geodesic"":true,""type"":""Point"",""coordinates"":[-1.338918,6.691043]}",2013-11-25
2_2013_11_29_165,ANK-03,-2.65,4.1000000000000005,Ankasa_Plot_3,Ankasa National Park,ANK,"{""geodesic"":true,""type"":""Point"",""coordinates"":[-2.65,5.25]}",2013-11-29
2_2013_12_07_164,ANK-01,-2.65,4.5,Ankasa_Plot_1,Ankasa National Park,ANK,"{""geodesic"":true,""type"":""Point"",""coordinates"":[-2.65,5.21]}",2013-12-07
2_2013_12_07_165,ANK-03,-2.65,4,Ankasa_Plot_3,Ankasa National Park,ANK,"{""geodesic"":true,""type"":""Point"",""coordinates"":[-2.65,5.25]}",2013-12-07
2_2013_12_15_164,ANK-01,-2.65,4.9,Ankasa_Plot_1,Ankasa National Park,ANK,"{""geodesic"":true,""type"":""Point"",""coordinates"":[-2.65,5.21]}",2013-12-15
2_2013_12_15_165,ANK-03,-2.65,4.1000000000000005,Ankasa_Plot_3,Ankasa National Park,ANK,"{""geodesic"":true,""type"":""Point"",""coordinates"":[-2.65,5.25]}",2013-12-15
2_2013_12_19_164,ANK-01,-2.65,4.6000000000000005,Ankasa_Plot_1,Ankasa National Park,ANK,"{""geodesic"":true,""type"":""Point"",""coordinates"":[-2.65,5.21]}",2013-12-19
2_2013_12_19_165,ANK-03,-2.65,3.5,Ankasa_Plot_3,Ankasa National Park,ANK,"{""geodesic"":true,""type"":""Point"",""coordinates"":[-2.65,5.25]}",2013-12-19
2_2013_12_23_164,ANK-01,-2.65,4.3,Ankasa_Plot_1,Ankasa National Park,ANK,"{""geodesic"":true,""type"":""Point"",""coordinates"":[-2.65,5.21]}",2013-12-23
2_2013_12_27_165,ANK-03,-2.65,3.8000000000000003,Ankasa_Plot_3,Ankasa National Park,ANK,"{""geodesic"":true,""type"":""Point"",""coordinates"":[-2.65,5.25]}",2013-12-27
2_2013_12_31_166,BOB-01,-1.338918,4.5,Bobiri_Plot_1_,Bobiri,BOB,"{""geodesic"":true,""type"":""Point"",""coordinates"":[-1.338918,6.691043]}",2013-12-31
2_2014_01_01_166,BOB-01,-1.338918,4.5,Bobiri_Plot_1_,Bobiri,BOB,"{""geodesic"":true,""type"":""Point"",""coordinates"":[-1.338918,6.691043]}",2014-01-01
2_2014_01_09_166,BOB-01,-1.338918,3.7,Bobiri_Plot_1_,Bobiri,BOB,"{""geodesic"":true,""type"":""Point"",""coordinates"":[-1.338918,6.691043]}",2014-01-09
2_2014_01_13_166,BOB-01,-1.338918,4.2,Bobiri_Plot_1_,Bobiri,BOB,"{""geodesic"":true,""type"":""Point"",""coordinates"":[-1.338918,6.691043]}",2014-01-13
2_2014_01_17_164,ANK-01,-2.65,3.4000000000000004,Ankasa_Plot_1,Ankasa National Park,ANK,"{""geodesic"":true,""type"":""Point"",""coordinates"":[-2.65,5.21]}",2014-01-17
2_2014_01_17_165,ANK-03,-2.65,2.1,Ankasa_Plot_3,Ankasa National Park,ANK,"{""geodesic"":true,""type"":""Point"",""coordinates"":[-2.65,5.25]}",2014-01-17
2_2014_01_21_164,ANK-01,-2.65,4.4,Ankasa_Plot_1,Ankasa National Park,ANK,"{""geodesic"":true,""type"":""Point"",""coordinates"":[-2.65,5.21]}",2014-01-21
2_2014_01_21_165,ANK-03,-2.65,1.9000000000000001,Ankasa_Plot_3,Ankasa National Park,ANK,"{""geodesic"":true,""type"":""Point"",""coordinates"":[-2.65,5.25]}",2014-01-21
2_2014_02_02_166,BOB-01,-1.338918,5.2,Bobiri_Plot_1_,Bobiri,BOB,"{""geodesic"":true,""type"":""Point"",""coordinates"":[-1.338918,6.691043]}",2014-02-02
2_2014_02_18_166,BOB-01,-1.338918,3.6,Bobiri_Plot_1_,Bobiri,BOB,"{""geodesic"":true,""type"":""Point"",""coordinates"":[-1.338918,6.691043]}",2014-02-18
2_2014_03_02_166,BOB-01,-1.338918,3.9000000000000004,Bobiri_Plot_1_,Bobiri,BOB,"{""geodesic"":true,""type"":""Point"",""coordinates"":[-1.338918,6.691043]}",2014-03-02
2_2014_03_06_166,BOB-01,-1.338918,3.4000000000000004,Bobiri_Plot_1_,Bobiri,BOB,"{""geodesic"":true,""type"":""Point"",""coordinates"":[-1.338918,6.691043]}",2014-03-06
2_2014_03_22_166,BOB-01,-1.338918,3.6,Bobiri_Plot_1_,Bobiri,BOB,"{""geodesic"":true,""type"":""Point"",""coordinates"":[-1.338918,6.691043]}",2014-03-22
2_2014_04_03_164,ANK-01,-2.65,3.7,Ankasa_Plot_1,Ankasa National Park,ANK,"{""geodesic"":true,""type"":""Point"",""coordinates"":[-2.65,5.21]}",2014-04-03
2_2014_04_03_165,ANK-03,-2.65,3.4000000000000004,Ankasa_Plot_3,Ankasa National Park,ANK,"{""geodesic"":true,""type"":""Point"",""coordinates"":[-2.65,5.25]}",2014-04-03
2_2014_05_17_165,ANK-03,-2.65,3.8000000000000003,Ankasa_Plot_3,Ankasa National Park,ANK,"{""geodesic"":true,""type"":""Point"",""coordinates"":[-2.65,5.25]}",2014-05-17
2_2014_07_16_165,ANK-03,-2.65,2.1,Ankasa_Plot_3,Ankasa National Park,ANK,"{""geodesic"":true,""type"":""Point"",""coordinates"":[-2.65,5.25]}",2014-07-16
2_2014_09_10_165,ANK-03,-2.65,1.6,Ankasa_Plot_3,Ankasa National Park,ANK,"{""geodesic"":true,""type"":""Point"",""coordinates"":[-2.65,5.25]}",2014-09-10
2_2014_10_16_166,BOB-01,-1.338918,4.800000000000001,Bobiri_Plot_1_,Bobiri,BOB,"{""geodesic"":true,""type"":""Point"",""coordinates"":[-1.338918,6.691043]}",2014-10-16
2_2014_10_28_164,ANK-01,-2.65,4.2,Ankasa_Plot_1,Ankasa National Park,ANK,"{""geodesic"":true,""type"":""Point"",""coordinates"":[-2.65,5.21]}",2014-10-28
2_2014_10_28_166,BOB-01,-1.338918,4.2,Bobiri_Plot_1_,Bobiri,BOB,"{""geodesic"":true,""type"":""Point"",""coordinates"":[-1.338918,6.691043]}",2014-10-28
2_2014_11_05_166,BOB-01,-1.338918,4.5,Bobiri_Plot_1_,Bobiri,BOB,"{""geodesic"":true,""type"":""Point"",""coordinates"":[-1.338918,6.691043]}",2014-11-05
2_2014_11_17_166,BOB-01,-1.338918,2.4000000000000004,Bobiri_Plot_1_,Bobiri,BOB,"{""geodesic"":true,""type"":""Point"",""coordinates"":[-1.338918,6.691043]}",2014-11-17
2_2014_11_29_165,ANK-03,-2.65,1.8,Ankasa_Plot_3,Ankasa National Park,ANK,"{""geodesic"":true,""type"":""Point"",""coordinates"":[-2.65,5.25]}",2014-11-29
2_2014_12_03_165,ANK-03,-2.65,2.3000000000000003,Ankasa_Plot_3,Ankasa National Park,ANK,"{""geodesic"":true,""type"":""Point"",""coordinates"":[-2.65,5.25]}",2014-12-03
2_2014_12_03_166,BOB-01,-1.338918,2.8000000000000003,Bobiri_Plot_1_,Bobiri,BOB,"{""geodesic"":true,""type"":""Point"",""coordinates"":[-1.338918,6.691043]}",2014-12-03
2_2014_12_15_166,BOB-01,-1.338918,4.5,Bobiri_Plot_1_,Bobiri,BOB,"{""geodesic"":true,""type"":""Point"",""coordinates"":[-1.338918,6.691043]}",2014-12-15
2_2014_12_19_166,BOB-01,-1.338918,3.8000000000000003,Bobiri_Plot_1_,Bobiri,BOB,"{""geodesic"":true,""type"":""Point"",""coordinates"":[-1.338918,6.691043]}",2014-12-19
2_2014_12_23_166,BOB-01,-1.338918,4.6000000000000005,Bobiri_Plot_1_,Bobiri,BOB,"{""geodesic"":true,""type"":""Point"",""coordinates"":[-1.338918,6.691043]}",2014-12-23
2_2014_12_27_165,ANK-03,-2.65,4.2,Ankasa_Plot_3,Ankasa National Park,ANK,"{""geodesic"":true,""type"":""Point"",""coordinates"":[-2.65,5.25]}",2014-12-27
2_2014_12_31_166,BOB-01,-1.338918,4.1000000000000005,Bobiri_Plot_1_,Bobiri,BOB,"{""geodesic"":true,""type"":""Point"",""coordinates"":[-1.338918,6.691043]}",2014-12-31
2_2015_01_01_166,BOB-01,-1.338918,4,Bobiri_Plot_1_,Bobiri,BOB,"{""geodesic"":true,""type"":""Point"",""coordinates"":[-1.338918,6.691043]}",2015-01-01
2_2015_01_05_164,ANK-01,-2.65,1.1,Ankasa_Plot_1,Ankasa National Park,ANK,"{""geodesic"":true,""type"":""Point"",""coordinates"":[-2.65,5.21]}",2015-01-05
2_2015_01_05_165,ANK-03,-2.65,1.7000000000000002,Ankasa_Plot_3,Ankasa National Park,ANK,"{""geodesic"":true,""type"":""Point"",""coordinates"":[-2.65,5.25]}",2015-01-05
2_2015_01_05_166,BOB-01,-1.338918,4.3,Bobiri_Plot_1_,Bobiri,BOB,"{""geodesic"":true,""type"":""Point"",""coordinates"":[-1.338918,6.691043]}",2015-01-05
2_2015_01_17_164,ANK-01,-2.65,3.4000000000000004,Ankasa_Plot_1,Ankasa National Park,ANK,"{""geodesic"":true,""type"":""Point"",""coordinates"":[-2.65,5.21]}",2015-01-17
2_2015_01_17_165,ANK-03,-2.65,4.3,Ankasa_Plot_3,Ankasa National Park,ANK,"{""geodesic"":true,""type"":""Point"",""coordinates"":[-2.65,5.25]}",2015-01-17
2_2015_01_17_166,BOB-01,-1.338918,4.800000000000001,Bobiri_Plot_1_,Bobiri,BOB,"{""geodesic"":true,""type"":""Point"",""coordinates"":[-1.338918,6.691043]}",2015-01-17
2_2015_02_02_166,BOB-01,-1.338918,1.9000000000000001,Bobiri_Plot_1_,Bobiri,BOB,"{""geodesic"":true,""type"":""Point"",""coordinates"":[-1.338918,6.691043]}",2015-02-02
2_2015_02_14_165,ANK-03,-2.65,2.9000000000000004,Ankasa_Plot_3,Ankasa National Park,ANK,"{""geodesic"":true,""type"":""Point"",""coordinates"":[-2.65,5.25]}",2015-02-14
2_2015_02_22_165,ANK-03,-2.65,1.2000000000000002,Ankasa_Plot_3,Ankasa National Park,ANK,"{""geodesic"":true,""type"":""Point"",""coordinates"":[-2.65,5.25]}",2015-02-22
2_2015_02_22_166,BOB-01,-1.338918,4.1000000000000005,Bobiri_Plot_1_,Bobiri,BOB,"{""geodesic"":true,""type"":""Point"",""coordinates"":[-1.338918,6.691043]}",2015-02-22
2_2015_03_02_166,BOB-01,-1.338918,3.7,Bobiri_Plot_1_,Bobiri,BOB,"{""geodesic"":true,""type"":""Point"",""coordinates"":[-1.338918,6.691043]}",2015-03-02
2_2015_04_07_165,ANK-03,-2.65,2.5,Ankasa_Plot_3,Ankasa National Park,ANK,"{""geodesic"":true,""type"":""Point"",""coordinates"":[-2.65,5.25]}",2015-04-07
2_2015_04_11_165,ANK-03,-2.65,1.6,Ankasa_Plot_3,Ankasa National Park,ANK,"{""geodesic"":true,""type"":""Point"",""coordinates"":[-2.65,5.25]}",2015-04-11
2_2015_05_05_165,ANK-03,-2.65,4.4,Ankasa_Plot_3,Ankasa National Park,ANK,"{""geodesic"":true,""type"":""Point"",""coordinates"":[-2.65,5.25]}",2015-05-05
2_2015_05_13_165,ANK-03,-2.65,2.4000000000000004,Ankasa_Plot_3,Ankasa National Park,ANK,"{""geodesic"":true,""type"":""Point"",""coordinates"":[-2.65,5.25]}",2015-05-13
2_2015_06_06_165,ANK-03,-2.65,4.9,Ankasa_Plot_3,Ankasa National Park,ANK,"{""geodesic"":true,""type"":""Point"",""coordinates"":[-2.65,5.25]}",2015-06-06
2_2015_07_12_165,ANK-03,-2.65,3.9000000000000004,Ankasa_Plot_3,Ankasa National Park,ANK,"{""geodesic"":true,""type"":""Point"",""coordinates"":[-2.65,5.25]}",2015-07-12
2_2015_10_04_166,BOB-01,-1.338918,1.8,Bobiri_Plot_1_,Bobiri,BOB,"{""geodesic"":true,""type"":""Point"",""coordinates"":[-1.338918,6.691043]}",2015-10-04
2_2015_10_28_166,BOB-01,-1.338918,4.1000000000000005,Bobiri_Plot_1_,Bobiri,BOB,"{""geodesic"":true,""type"":""Point"",""coordinates"":[-1.338918,6.691043]}",2015-10-28
2_2015_11_17_165,ANK-03,-2.65,2.5,Ankasa_Plot_3,Ankasa National Park,ANK,"{""geodesic"":true,""type"":""Point"",""coordinates"":[-2.65,5.25]}",2015-11-17
2_2015_11_21_166,BOB-01,-1.338918,3.5,Bobiri_Plot_1_,Bobiri,BOB,"{""geodesic"":true,""type"":""Point"",""coordinates"":[-1.338918,6.691043]}",2015-11-21
2_2015_11_25_164,ANK-01,-2.65,3.6,Ankasa_Plot_1,Ankasa National Park,ANK,"{""geodesic"":true,""type"":""Point"",""coordinates"":[-2.65,5.21]}",2015-11-25
2_2015_12_19_164,ANK-01,-2.65,4.800000000000001,Ankasa_Plot_1,Ankasa National Park,ANK,"{""geodesic"":true,""type"":""Point"",""coordinates"":[-2.65,5.21]}",2015-12-19
2_2015_12_19_165,ANK-03,-2.65,3.8000000000000003,Ankasa_Plot_3,Ankasa National Park,ANK,"{""geodesic"":true,""type"":""Point"",""coordinates"":[-2.65,5.25]}",2015-12-19
2_2015_12_19_166,BOB-01,-1.338918,4.6000000000000005,Bobiri_Plot_1_,Bobiri,BOB,"{""geodesic"":true,""type"":""Point"",""coordinates"":[-1.338918,6.691043]}",2015-12-19
2_2015_12_23_166,BOB-01,-1.338918,4.3,Bobiri_Plot_1_,Bobiri,BOB,"{""geodesic"":true,""type"":""Point"",""coordinates"":[-1.338918,6.691043]}",2015-12-23
2_2015_12_27_166,BOB-01,-1.338918,4.1000000000000005,Bobiri_Plot_1_,Bobiri,BOB,"{""geodesic"":true,""type"":""Point"",""coordinates"":[-1.338918,6.691043]}",2015-12-27
2_2015_12_31_166,BOB-01,-1.338918,2.6,Bobiri_Plot_1_,Bobiri,BOB,"{""geodesic"":true,""type"":""Point"",""coordinates"":[-1.338918,6.691043]}",2015-12-31
2_2016_01_01_165,ANK-03,-2.65,1.7000000000000002,Ankasa_Plot_3,Ankasa National Park,ANK,"{""geodesic"":true,""type"":""Point"",""coordinates"":[-2.65,5.25]}",2016-01-01
2_2016_01_01_166,BOB-01,-1.338918,3,Bobiri_Plot_1_,Bobiri,BOB,"{""geodesic"":true,""type"":""Point"",""coordinates"":[-1.338918,6.691043]}",2016-01-01
2_2016_01_05_164,ANK-01,-2.65,3.8000000000000003,Ankasa_Plot_1,Ankasa National Park,ANK,"{""geodesic"":true,""type"":""Point"",""coordinates"":[-2.65,5.21]}",2016-01-05
2_2016_01_05_166,BOB-01,-1.338918,2.2,Bobiri_Plot_1_,Bobiri,BOB,"{""geodesic"":true,""type"":""Point"",""coordinates"":[-1.338918,6.691043]}",2016-01-05
2_2016_01_09_166,BOB-01,-1.338918,4.4,Bobiri_Plot_1_,Bobiri,BOB,"{""geodesic"":true,""type"":""Point"",""coordinates"":[-1.338918,6.691043]}",2016-01-09
2_2016_01_13_165,ANK-03,-2.65,3.1,Ankasa_Plot_3,Ankasa National Park,ANK,"{""geodesic"":true,""type"":""Point"",""coordinates"":[-2.65,5.25]}",2016-01-13
2_2016_01_17_165,ANK-03,-2.65,6.6000000000000005,Ankasa_Plot_3,Ankasa National Park,ANK,"{""geodesic"":true,""type"":""Point"",""coordinates"":[-2.65,5.25]}",2016-01-17
2_2016_01_17_166,BOB-01,-1.338918,1.1,Bobiri_Plot_1_,Bobiri,BOB,"{""geodesic"":true,""type"":""Point"",""coordinates"":[-1.338918,6.691043]}",2016-01-17
2_2016_01_21_165,ANK-03,-2.65,4.1000000000000005,Ankasa_Plot_3,Ankasa National Park,ANK,"{""geodesic"":true,""type"":""Point"",""coordinates"":[-2.65,5.25]}",2016-01-21
2_2016_01_21_166,BOB-01,-1.338918,3.8000000000000003,Bobiri_Plot_1_,Bobiri,BOB,"{""geodesic"":true,""type"":""Point"",""coordinates"":[-1.338918,6.691043]}",2016-01-21
2_2016_02_06_166,BOB-01,-1.338918,1.4000000000000001,Bobiri_Plot_1_,Bobiri,BOB,"{""geodesic"":true,""type"":""Point"",""coordinates"":[-1.338918,6.691043]}",2016-02-06
2_2016_02_10_166,BOB-01,-1.338918,1.5,Bobiri_Plot_1_,Bobiri,BOB,"{""geodesic"":true,""type"":""Point"",""coordinates"":[-1.338918,6.691043]}",2016-02-10
2_2016_02_18_166,BOB-01,-1.338918,1.1,Bobiri_Plot_1_,Bobiri,BOB,"{""geodesic"":true,""type"":""Point"",""coordinates"":[-1.338918,6.691043]}",2016-02-18
2_2016_03_01_166,BOB-01,-1.338918,6.1000000000000005,Bobiri_Plot_1_,Bobiri,BOB,"{""geodesic"":true,""type"":""Point"",""coordinates"":[-1.338918,6.691043]}",2016-03-01
2_2016_03_05_165,ANK-03,-2.65,3.9000000000000004,Ankasa_Plot_3,Ankasa National Park,ANK,"{""geodesic"":true,""type"":""Point"",""coordinates"":[-2.65,5.25]}",2016-03-05
2_2016_03_05_166,BOB-01,-1.338918,2.9000000000000004,Bobiri_Plot_1_,Bobiri,BOB,"{""geodesic"":true,""type"":""Point"",""coordinates"":[-1.338918,6.691043]}",2016-03-05
2_2016_03_21_166,BOB-01,-1.338918,3.5,Bobiri_Plot_1_,Bobiri,BOB,"{""geodesic"":true,""type"":""Point"",""coordinates"":[-1.338918,6.691043]}",2016-03-21
2_2016_04_18_166,BOB-01,-1.338918,3.7,Bobiri_Plot_1_,Bobiri,BOB,"{""geodesic"":true,""type"":""Point"",""coordinates"":[-1.338918,6.691043]}",2016-04-18
2_2016_04_26_165,ANK-03,-2.65,6.800000000000001,Ankasa_Plot_3,Ankasa National Park,ANK,"{""geodesic"":true,""type"":""Point"",""coordinates"":[-2.65,5.25]}",2016-04-26
2_2016_09_17_165,ANK-03,-2.65,4.7,Ankasa_Plot_3,Ankasa National Park,ANK,"{""geodesic"":true,""type"":""Point"",""coordinates"":[-2.65,5.25]}",2016-09-17
2_2016_10_19_165,ANK-03,-2.65,1.8,Ankasa_Plot_3,Ankasa National Park,ANK,"{""geodesic"":true,""type"":""Point"",""coordinates"":[-2.65,5.25]}",2016-10-19
2_2016_10_23_164,ANK-01,-2.65,3.7,Ankasa_Plot_1,Ankasa National Park,ANK,"{""geodesic"":true,""type"":""Point"",""coordinates"":[-2.65,5.21]}",2016-10-23
2_2016_10_27_165,ANK-03,-2.65,1,Ankasa_Plot_3,Ankasa National Park,ANK,"{""geodesic"":true,""type"":""Point"",""coordinates"":[-2.65,5.25]}",2016-10-27
2_2016_10_27_166,BOB-01,-1.338918,4.800000000000001,Bobiri_Plot_1_,Bobiri,BOB,"{""geodesic"":true,""type"":""Point"",""coordinates"":[-1.338918,6.691043]}",2016-10-27
2_2016_10_31_165,ANK-03,-2.65,4.9,Ankasa_Plot_3,Ankasa National Park,ANK,"{""geodesic"":true,""type"":""Point"",""coordinates"":[-2.65,5.25]}",2016-10-31
2_2016_11_12_164,ANK-01,-2.65,4.4,Ankasa_Plot_1,Ankasa National Park,ANK,"{""geodesic"":true,""type"":""Point"",""coordinates"":[-2.65,5.21]}",2016-11-12
2_2016_11_12_166,BOB-01,-1.338918,4.3,Bobiri_Plot_1_,Bobiri,BOB,"{""geodesic"":true,""type"":""Point"",""coordinates"":[-1.338918,6.691043]}",2016-11-12
2_2016_11_24_166,BOB-01,-1.338918,2.8000000000000003,Bobiri_Plot_1_,Bobiri,BOB,"{""geodesic"":true,""type"":""Point"",""coordinates"":[-1.338918,6.691043]}",2016-11-24
2_2016_12_02_166,BOB-01,-1.338918,3.6,Bobiri_Plot_1_,Bobiri,BOB,"{""geodesic"":true,""type"":""Point"",""coordinates"":[-1.338918,6.691043]}",2016-12-02
2_2016_12_06_164,ANK-01,-2.65,2.9000000000000004,Ankasa_Plot_1,Ankasa National Park,ANK,"{""geodesic"":true,""type"":""Point"",""coordinates"":[-2.65,5.21]}",2016-12-06
2_2016_12_06_166,BOB-01,-1.338918,4,Bobiri_Plot_1_,Bobiri,BOB,"{""geodesic"":true,""type"":""Point"",""coordinates"":[-1.338918,6.691043]}",2016-12-06
2_2016_12_10_166,BOB-01,-1.338918,3,Bobiri_Plot_1_,Bobiri,BOB,"{""geodesic"":true,""type"":""Point"",""coordinates"":[-1.338918,6.691043]}",2016-12-10
2_2016_12_18_164,ANK-01,-2.65,4.3,Ankasa_Plot_1,Ankasa National Park,ANK,"{""geodesic"":true,""type"":""Point"",""coordinates"":[-2.65,5.21]}",2016-12-18
2_2016_12_18_165,ANK-03,-2.65,2.2,Ankasa_Plot_3,Ankasa National Park,ANK,"{""geodesic"":true,""type"":""Point"",""coordinates"":[-2.65,5.25]}",2016-12-18
2_2016_12_22_166,BOB-01,-1.338918,3.2,Bobiri_Plot_1_,Bobiri,BOB,"{""geodesic"":true,""type"":""Point"",""coordinates"":[-1.338918,6.691043]}",2016-12-22
2_2017_01_01_166,BOB-01,-1.338918,4.7,Bobiri_Plot_1_,Bobiri,BOB,"{""geodesic"":true,""type"":""Point"",""coordinates"":[-1.338918,6.691043]}",2017-01-01
2_2017_01_13_166,BOB-01,-1.338918,4.4,Bobiri_Plot_1_,Bobiri,BOB,"{""geodesic"":true,""type"":""Point"",""coordinates"":[-1.338918,6.691043]}",2017-01-13
2_2017_01_17_164,ANK-01,-2.65,4.3,Ankasa_Plot_1,Ankasa National Park,ANK,"{""geodesic"":true,""type"":""Point"",""coordinates"":[-2.65,5.21]}",2017-01-17
2_2017_01_17_165,ANK-03,-2.65,2.9000000000000004,Ankasa_Plot_3,Ankasa National Park,ANK,"{""geodesic"":true,""type"":""Point"",""coordinates"":[-2.65,5.25]}",2017-01-17
2_2017_01_17_166,BOB-01,-1.338918,4.2,Bobiri_Plot_1_,Bobiri,BOB,"{""geodesic"":true,""type"":""Point"",""coordinates"":[-1.338918,6.691043]}",2017-01-17
2_2017_01_21_166,BOB-01,-1.338918,3.2,Bobiri_Plot_1_,Bobiri,BOB,"{""geodesic"":true,""type"":""Point"",""coordinates"":[-1.338918,6.691043]}",2017-01-21
2_2017_01_29_165,ANK-03,-2.65,4.2,Ankasa_Plot_3,Ankasa National Park,ANK,"{""geodesic"":true,""type"":""Point"",""coordinates"":[-2.65,5.25]}",2017-01-29
2_2017_02_06_164,ANK-01,-2.65,5,Ankasa_Plot_1,Ankasa National Park,ANK,"{""geodesic"":true,""type"":""Point"",""coordinates"":[-2.65,5.21]}",2017-02-06
2_2017_02_06_166,BOB-01,-1.338918,2.7,Bobiri_Plot_1_,Bobiri,BOB,"{""geodesic"":true,""type"":""Point"",""coordinates"":[-1.338918,6.691043]}",2017-02-06
2_2017_02_14_164,ANK-01,-2.65,3.8000000000000003,Ankasa_Plot_1,Ankasa National Park,ANK,"{""geodesic"":true,""type"":""Point"",""coordinates"":[-2.65,5.21]}",2017-02-14
2_2017_02_14_165,ANK-03,-2.65,2.6,Ankasa_Plot_3,Ankasa National Park,ANK,"{""geodesic"":true,""type"":""Point"",""coordinates"":[-2.65,5.25]}",2017-02-14
2_2017_02_26_166,BOB-01,-1.338918,3.4000000000000004,Bobiri_Plot_1_,Bobiri,BOB,"{""geodesic"":true,""type"":""Point"",""coordinates"":[-1.338918,6.691043]}",2017-02-26
2_2017_03_30_166,BOB-01,-1.338918,3.3000000000000003,Bobiri_Plot_1_,Bobiri,BOB,"{""geodesic"":true,""type"":""Point"",""coordinates"":[-1.338918,6.691043]}",2017-03-30
2_2017_04_03_166,BOB-01,-1.338918,4.800000000000001,Bobiri_Plot_1_,Bobiri,BOB,"{""geodesic"":true,""type"":""Point"",""coordinates"":[-1.338918,6.691043]}",2017-04-03
2_2017_04_15_164,ANK-01,-2.65,4.1000000000000005,Ankasa_Plot_1,Ankasa National Park,ANK,"{""geodesic"":true,""type"":""Point"",""coordinates"":[-2.65,5.21]}",2017-04-15
2_2017_04_19_165,ANK-03,-2.65,2.2,Ankasa_Plot_3,Ankasa National Park,ANK,"{""geodesic"":true,""type"":""Point"",""coordinates"":[-2.65,5.25]}",2017-04-19
2_2017_04_27_165,ANK-03,-2.65,3.9000000000000004,Ankasa_Plot_3,Ankasa National Park,ANK,"{""geodesic"":true,""type"":""Point"",""coordinates"":[-2.65,5.25]}",2017-04-27
2_2017_06_10_165,ANK-03,-2.65,4,Ankasa_Plot_3,Ankasa National Park,ANK,"{""geodesic"":true,""type"":""Point"",""coordinates"":[-2.65,5.25]}",2017-06-10
2_2017_07_28_165,ANK-03,-2.65,1.2000000000000002,Ankasa_Plot_3,Ankasa National Park,ANK,"{""geodesic"":true,""type"":""Point"",""coordinates"":[-2.65,5.25]}",2017-07-28
2_2017_08_17_165,ANK-03,-2.65,1,Ankasa_Plot_3,Ankasa National Park,ANK,"{""geodesic"":true,""type"":""Point"",""coordinates"":[-2.65,5.25]}",2017-08-17
2_2017_08_21_166,BOB-01,-1.338918,3.9000000000000004,Bobiri_Plot_1_,Bobiri,BOB,"{""geodesic"":true,""type"":""Point"",""coordinates"":[-1.338918,6.691043]}",2017-08-21
2_2017_09_02_165,ANK-03,-2.65,2.1,Ankasa_Plot_3,Ankasa National Park,ANK,"{""geodesic"":true,""type"":""Point"",""coordinates"":[-2.65,5.25]}",2017-09-02
2_2017_09_26_165,ANK-03,-2.65,2.3000000000000003,Ankasa_Plot_3,Ankasa National Park,ANK,"{""geodesic"":true,""type"":""Point"",""coordinates"":[-2.65,5.25]}",2017-09-26
2_2017_11_01_166,BOB-01,-1.338918,4.4,Bobiri_Plot_1_,Bobiri,BOB,"{""geodesic"":true,""type"":""Point"",""coordinates"":[-1.338918,6.691043]}",2017-11-01
2_2017_11_05_166,BOB-01,-1.338918,2.9000000000000004,Bobiri_Plot_1_,Bobiri,BOB,"{""geodesic"":true,""type"":""Point"",""coordinates"":[-1.338918,6.691043]}",2017-11-05
2_2017_11_09_164,ANK-01,-2.65,3.9000000000000004,Ankasa_Plot_1,Ankasa National Park,ANK,"{""geodesic"":true,""type"":""Point"",""coordinates"":[-2.65,5.21]}",2017-11-09
2_2017_11_25_164,ANK-01,-2.65,3.8000000000000003,Ankasa_Plot_1,Ankasa National Park,ANK,"{""geodesic"":true,""type"":""Point"",""coordinates"":[-2.65,5.21]}",2017-11-25
2_2017_12_03_164,ANK-01,-2.65,3.6,Ankasa_Plot_1,Ankasa National Park,ANK,"{""geodesic"":true,""type"":""Point"",""coordinates"":[-2.65,5.21]}",2017-12-03
2_2017_12_03_165,ANK-03,-2.65,1.4000000000000001,Ankasa_Plot_3,Ankasa National Park,ANK,"{""geodesic"":true,""type"":""Point"",""coordinates"":[-2.65,5.25]}",2017-12-03
2_2017_12_19_164,ANK-01,-2.65,1.4000000000000001,Ankasa_Plot_1,Ankasa National Park,ANK,"{""geodesic"":true,""type"":""Point"",""coordinates"":[-2.65,5.21]}",2017-12-19
2_2017_12_19_165,ANK-03,-2.65,1.2000000000000002,Ankasa_Plot_3,Ankasa National Park,ANK,"{""geodesic"":true,""type"":""Point"",""coordinates"":[-2.65,5.25]}",2017-12-19
2_2017_12_23_164,ANK-01,-2.65,5.1000000000000005,Ankasa_Plot_1,Ankasa National Park,ANK,"{""geodesic"":true,""type"":""Point"",""coordinates"":[-2.65,5.21]}",2017-12-23
2_2017_12_23_165,ANK-03,-2.65,3.7,Ankasa_Plot_3,Ankasa National Park,ANK,"{""geodesic"":true,""type"":""Point"",""coordinates"":[-2.65,5.25]}",2017-12-23
